doc_id,sentence,start,end,mention,entity_type
41866640_1,It should be noted that our use of the descriptor hyperphosphorylated tau is done to conform with current nomenclature; it should not be construed as indicating saturation of all the amino acids capable of being phosphorylated.,70,73,tau,Gene
41866640_1,It should be noted that our use of the descriptor hyperphosphorylated tau is done to conform with current nomenclature; it should not be construed as indicating saturation of all the amino acids capable of being phosphorylated.,183,194,amino acids,Chemical
41862476_1,"Mechanistically, PIEZO1 activation promotes pulmonary fibrosis development via CAPN2-mediated STAT3 phosphorylation, which may regulate the secretion of the pro-fibrotic molecule interleukin-33.",17,23,PIEZO1,Gene
41862476_1,"Mechanistically, PIEZO1 activation promotes pulmonary fibrosis development via CAPN2-mediated STAT3 phosphorylation, which may regulate the secretion of the pro-fibrotic molecule interleukin-33.",44,62,pulmonary fibrosis,Disease
41862476_1,"Mechanistically, PIEZO1 activation promotes pulmonary fibrosis development via CAPN2-mediated STAT3 phosphorylation, which may regulate the secretion of the pro-fibrotic molecule interleukin-33.",79,84,CAPN2,Gene
41862476_1,"Mechanistically, PIEZO1 activation promotes pulmonary fibrosis development via CAPN2-mediated STAT3 phosphorylation, which may regulate the secretion of the pro-fibrotic molecule interleukin-33.",94,99,STAT3,Gene
41862476_1,"Mechanistically, PIEZO1 activation promotes pulmonary fibrosis development via CAPN2-mediated STAT3 phosphorylation, which may regulate the secretion of the pro-fibrotic molecule interleukin-33.",179,193,interleukin-33,Gene
41862458_1,"Here, we find that the ubiquitin E3 ligase RNF40 localizes to centrosomes and is phosphorylated by CDK1 on T529/T557 in the G2/M phases.",23,42,ubiquitin E3 ligase,Gene
41862458_1,"Here, we find that the ubiquitin E3 ligase RNF40 localizes to centrosomes and is phosphorylated by CDK1 on T529/T557 in the G2/M phases.",43,48,RNF40,Gene
41862458_1,"Here, we find that the ubiquitin E3 ligase RNF40 localizes to centrosomes and is phosphorylated by CDK1 on T529/T557 in the G2/M phases.",99,103,CDK1,Gene
41862458_2,"This phosphorylation primes its binding to PLK1 and promotes timely PLK1 recruitment and centrosome maturation, establishing the CDK1-RNF40-PLK1 cascade as a mechanism controlling centrosome maturation.",43,47,PLK1,Gene
41862458_2,"This phosphorylation primes its binding to PLK1 and promotes timely PLK1 recruitment and centrosome maturation, establishing the CDK1-RNF40-PLK1 cascade as a mechanism controlling centrosome maturation.",68,72,PLK1,Gene
41862458_2,"This phosphorylation primes its binding to PLK1 and promotes timely PLK1 recruitment and centrosome maturation, establishing the CDK1-RNF40-PLK1 cascade as a mechanism controlling centrosome maturation.",129,133,CDK1,Gene
41862458_2,"This phosphorylation primes its binding to PLK1 and promotes timely PLK1 recruitment and centrosome maturation, establishing the CDK1-RNF40-PLK1 cascade as a mechanism controlling centrosome maturation.",134,139,RNF40,Gene
41862458_2,"This phosphorylation primes its binding to PLK1 and promotes timely PLK1 recruitment and centrosome maturation, establishing the CDK1-RNF40-PLK1 cascade as a mechanism controlling centrosome maturation.",140,144,PLK1,Gene
41862458_3,"We also find that RNF40 is acetylated in interphase and undergoes an acetylation-to-phosphorylation transition in late G2 and M phases, which permits timely activation of the CDK1-RNF40-PLK1 cascade.",18,23,RNF40,Gene
41862458_3,"We also find that RNF40 is acetylated in interphase and undergoes an acetylation-to-phosphorylation transition in late G2 and M phases, which permits timely activation of the CDK1-RNF40-PLK1 cascade.",175,179,CDK1,Gene
41862458_3,"We also find that RNF40 is acetylated in interphase and undergoes an acetylation-to-phosphorylation transition in late G2 and M phases, which permits timely activation of the CDK1-RNF40-PLK1 cascade.",180,185,RNF40,Gene
41862458_3,"We also find that RNF40 is acetylated in interphase and undergoes an acetylation-to-phosphorylation transition in late G2 and M phases, which permits timely activation of the CDK1-RNF40-PLK1 cascade.",186,190,PLK1,Gene
41862458_4,"Constitutive RNF40 acetylation or deficient RNF40 phosphorylation impairs PLK1 localization, microtubule nucleation, and bipolar spindle assembly, causing mitotic catastrophe.",13,18,RNF40,Gene
41862458_4,"Constitutive RNF40 acetylation or deficient RNF40 phosphorylation impairs PLK1 localization, microtubule nucleation, and bipolar spindle assembly, causing mitotic catastrophe.",44,49,RNF40,Gene
41862458_4,"Constitutive RNF40 acetylation or deficient RNF40 phosphorylation impairs PLK1 localization, microtubule nucleation, and bipolar spindle assembly, causing mitotic catastrophe.",74,78,PLK1,Gene
41862462_1,"We conduct an integrated analysis of chromatin accessibility, DNA methylation, mRNA expression, protein abundance and phosphorylation across eight tissues in fifty rats of equally represented sexes following endurance exercise training to identify coordinated epigenomic and transcriptional changes and determine key transcription factors involved.",164,168,rats,Species
41852029_1,"The formation of this membrane-actin linkage has been experimentally shown to require ezrin N-terminal (FERM) domain binding to PI(4,5)P2 phospholipid-enriched membrane sites and the phosphorylation of the ezrin C-terminal domain (CTD) at residue T567.",31,36,actin,Gene
41852029_1,"The formation of this membrane-actin linkage has been experimentally shown to require ezrin N-terminal (FERM) domain binding to PI(4,5)P2 phospholipid-enriched membrane sites and the phosphorylation of the ezrin C-terminal domain (CTD) at residue T567.",86,91,ezrin,Gene
41852029_1,"The formation of this membrane-actin linkage has been experimentally shown to require ezrin N-terminal (FERM) domain binding to PI(4,5)P2 phospholipid-enriched membrane sites and the phosphorylation of the ezrin C-terminal domain (CTD) at residue T567.",128,137,"PI(4,5)P2",Chemical
41852029_1,"The formation of this membrane-actin linkage has been experimentally shown to require ezrin N-terminal (FERM) domain binding to PI(4,5)P2 phospholipid-enriched membrane sites and the phosphorylation of the ezrin C-terminal domain (CTD) at residue T567.",138,150,phospholipid,Chemical
41852029_1,"The formation of this membrane-actin linkage has been experimentally shown to require ezrin N-terminal (FERM) domain binding to PI(4,5)P2 phospholipid-enriched membrane sites and the phosphorylation of the ezrin C-terminal domain (CTD) at residue T567.",206,211,ezrin,Gene
41852029_2,"Collectively, membrane association and T567 phosphorylation are believed to promote separation of the FERM and CTD domains; however, the underlying molecular mechanism remains less clear.",39,43,T567,Variant
41852029_3,We also show that the FERM-CTD reassociation after ezrin T567 phosphorylation is impeded due to reduced dissociation energy barrier.,22,26,FERM,Gene
41852029_3,We also show that the FERM-CTD reassociation after ezrin T567 phosphorylation is impeded due to reduced dissociation energy barrier.,51,56,ezrin,Gene
41852029_3,We also show that the FERM-CTD reassociation after ezrin T567 phosphorylation is impeded due to reduced dissociation energy barrier.,57,61,T567,Variant
41852165_1,"Mitochondrial respiration was assessed using the Seahorse XFp analyser, mitochondrial DNA (mtDNA) copy number and oxidative phosphorylation (OXPHOS) complex protein expression were measured by qPCR and western blotting.",114,156,oxidative phosphorylation (OXPHOS) complex,Gene
41861599_1,Multi-omics analysis revealed that Trem1 deletion suppressed oxidative phosphorylation (OXPHOS) and induced a metabolic shift in neutrophils toward glycolysis.,35,40,Trem1,Gene
41864848_1,"This mitotic arrest-dependent telomere deprotection promotes mitotic death, requires Aurora B kinase-dependent shelterin phosphorylation and the BTR complex, and is opposed by WRN.",85,100,Aurora B kinase,Gene
41864848_1,"This mitotic arrest-dependent telomere deprotection promotes mitotic death, requires Aurora B kinase-dependent shelterin phosphorylation and the BTR complex, and is opposed by WRN.",111,120,shelterin,Gene
41864848_1,"This mitotic arrest-dependent telomere deprotection promotes mitotic death, requires Aurora B kinase-dependent shelterin phosphorylation and the BTR complex, and is opposed by WRN.",145,148,BTR,Gene
41864848_1,"This mitotic arrest-dependent telomere deprotection promotes mitotic death, requires Aurora B kinase-dependent shelterin phosphorylation and the BTR complex, and is opposed by WRN.",176,179,WRN,Gene
41855862_1,"Its canonical function is to phosphorylate IκB proteins, thereby promoting the nuclear translocation and transcriptional activation of NF-κB.",43,46,IκB,Gene
41855862_1,"Its canonical function is to phosphorylate IκB proteins, thereby promoting the nuclear translocation and transcriptional activation of NF-κB.",135,141,NF-κB.,Gene
41840068_1,"Full-length NuMA is autoinhibited for its interactions with dynein and microtubules, whereas mitotically phosphorylated NuMA activates dynein in vitro and interphase cells.",12,16,NuMA,Gene
41840068_1,"Full-length NuMA is autoinhibited for its interactions with dynein and microtubules, whereas mitotically phosphorylated NuMA activates dynein in vitro and interphase cells.",60,66,dynein,Gene
41840068_1,"Full-length NuMA is autoinhibited for its interactions with dynein and microtubules, whereas mitotically phosphorylated NuMA activates dynein in vitro and interphase cells.",120,124,NuMA,Gene
41840068_1,"Full-length NuMA is autoinhibited for its interactions with dynein and microtubules, whereas mitotically phosphorylated NuMA activates dynein in vitro and interphase cells.",135,141,dynein,Gene
41850541_1,"Mass spectrometry coupled with phosphosite prediction analysis identified four serine residues (S701, S712, S722, and S728) on ASAP2 as phosphorylation targets of putative phosphorylation sites mediated by TAOK3.",127,132,ASAP2,Gene
41850541_1,"Mass spectrometry coupled with phosphosite prediction analysis identified four serine residues (S701, S712, S722, and S728) on ASAP2 as phosphorylation targets of putative phosphorylation sites mediated by TAOK3.",206,211,TAOK3,Gene
41850541_2,These phosphorylation events were further by co-immunoprecipitation and were essential for the pro-metastatic activity of the TAOK3-ASAP2 signaling axis.,126,131,TAOK3,Gene
41850541_2,These phosphorylation events were further by co-immunoprecipitation and were essential for the pro-metastatic activity of the TAOK3-ASAP2 signaling axis.,132,137,ASAP2,Gene
41850541_3,"Collectively, these findings reveal a previously unrecognized TAOK3-dependent phosphorylation mechanism that drives ccRCC progression, and identify the TAOK3-ASAP2 axis as a promising therapeutic target for metastatic ccRCC.",62,67,TAOK3,Gene
41850541_3,"Collectively, these findings reveal a previously unrecognized TAOK3-dependent phosphorylation mechanism that drives ccRCC progression, and identify the TAOK3-ASAP2 axis as a promising therapeutic target for metastatic ccRCC.",116,121,ccRCC,Disease
41850541_3,"Collectively, these findings reveal a previously unrecognized TAOK3-dependent phosphorylation mechanism that drives ccRCC progression, and identify the TAOK3-ASAP2 axis as a promising therapeutic target for metastatic ccRCC.",152,157,TAOK3,Gene
41850541_3,"Collectively, these findings reveal a previously unrecognized TAOK3-dependent phosphorylation mechanism that drives ccRCC progression, and identify the TAOK3-ASAP2 axis as a promising therapeutic target for metastatic ccRCC.",158,163,ASAP2,Gene
41850541_3,"Collectively, these findings reveal a previously unrecognized TAOK3-dependent phosphorylation mechanism that drives ccRCC progression, and identify the TAOK3-ASAP2 axis as a promising therapeutic target for metastatic ccRCC.",218,223,ccRCC,Disease
41864544_1,"HADHA dysfunction disrupts energy balance by causing toxic metabolite buildup, impairing oxidative phosphorylation, and aberrant cardiolipin remodeling.",0,17,HADHA dysfunction,Disease
41864544_1,"HADHA dysfunction disrupts energy balance by causing toxic metabolite buildup, impairing oxidative phosphorylation, and aberrant cardiolipin remodeling.",129,140,cardiolipin,Gene
41856254_1,"Neurofibrillary tangles, composed of excessively phosphorylated tau, are a core neuropathological hallmark of Alzheimer's disease (AD).",0,23,Neurofibrillary tangles,Disease
41856254_1,"Neurofibrillary tangles, composed of excessively phosphorylated tau, are a core neuropathological hallmark of Alzheimer's disease (AD).",64,67,tau,Gene
41856254_1,"Neurofibrillary tangles, composed of excessively phosphorylated tau, are a core neuropathological hallmark of Alzheimer's disease (AD).",110,129,Alzheimer's disease,Disease
41856254_1,"Neurofibrillary tangles, composed of excessively phosphorylated tau, are a core neuropathological hallmark of Alzheimer's disease (AD).",131,133,AD,Disease
41856254_2,"However, therapeutic strategies aimed at directly clearing neurofibrillary tangles have demonstrated limited clinical efficacy, shifting the research focus towards the fundamental underlying mechanism- the dysregulation of tau phosphorylation.",59,82,neurofibrillary tangles,Disease
41856254_2,"However, therapeutic strategies aimed at directly clearing neurofibrillary tangles have demonstrated limited clinical efficacy, shifting the research focus towards the fundamental underlying mechanism- the dysregulation of tau phosphorylation.",223,226,tau,Gene
41856254_3,"Evidence indicates that tau physiological phosphorylation is indispensable for microtubule stability and normal neuronal function, while its aberrant hyperphosphorylation drives neurodegeneration.",24,27,tau,Gene
41856254_3,"Evidence indicates that tau physiological phosphorylation is indispensable for microtubule stability and normal neuronal function, while its aberrant hyperphosphorylation drives neurodegeneration.",178,195,neurodegeneration,Disease
41856254_4,"Consequently, restoring tau phosphorylation homeostasis, rather than merely eliminating the pathological protein, has emerged as a promising therapeutic paradigm.",24,27,tau,Gene
41856254_5,"This review systematically delineates the physiological functions and pathological mechanisms of tau phosphorylation, highlighting its central role in AD pathogenesis.",97,100,tau,Gene
41856254_5,"This review systematically delineates the physiological functions and pathological mechanisms of tau phosphorylation, highlighting its central role in AD pathogenesis.",151,153,AD,Disease
41856254_6,"We summarize recent advances in drug development targeting key kinases and phosphatases, and discuss the diagnostic value and application prospects of tau phosphorylation biomarkers.",151,154,tau,Gene
41869306_1,"To sustain inflammation and tissue damage, pathogenic immune and stromal cells undergo specific metabolic reprogramming that alters glycolysis, oxidative phosphorylation, and lipid metabolism.",11,23,inflammation,Disease
41869306_1,"To sustain inflammation and tissue damage, pathogenic immune and stromal cells undergo specific metabolic reprogramming that alters glycolysis, oxidative phosphorylation, and lipid metabolism.",175,180,lipid,Chemical
41862111_1,"The biomaterial micropatterning-modulated elongated and aligned morphology promoted an anti-inflammatory transcriptome, reduced pro-inflammatory chemokine secretion, and induced the transcription coregulator yes-associated protein (YAP) phosphorylation, supporting the anti-immunogenic properties of endothelial cells.",92,104,inflammatory,Disease
41862111_1,"The biomaterial micropatterning-modulated elongated and aligned morphology promoted an anti-inflammatory transcriptome, reduced pro-inflammatory chemokine secretion, and induced the transcription coregulator yes-associated protein (YAP) phosphorylation, supporting the anti-immunogenic properties of endothelial cells.",132,144,inflammatory,Disease
41862111_1,"The biomaterial micropatterning-modulated elongated and aligned morphology promoted an anti-inflammatory transcriptome, reduced pro-inflammatory chemokine secretion, and induced the transcription coregulator yes-associated protein (YAP) phosphorylation, supporting the anti-immunogenic properties of endothelial cells.",208,230,yes-associated protein,Gene
41862111_1,"The biomaterial micropatterning-modulated elongated and aligned morphology promoted an anti-inflammatory transcriptome, reduced pro-inflammatory chemokine secretion, and induced the transcription coregulator yes-associated protein (YAP) phosphorylation, supporting the anti-immunogenic properties of endothelial cells.",232,235,YAP,Gene
41862111_2,The ability of micropatterned endothelial cells to maintain their anti-immunogenic functions under pro-inflammatory conditions was demonstrated by the increased phosphorylation of YAP and decrease in pro-inflammatory IL-8 release.,103,115,inflammatory,Disease
41862111_2,The ability of micropatterned endothelial cells to maintain their anti-immunogenic functions under pro-inflammatory conditions was demonstrated by the increased phosphorylation of YAP and decrease in pro-inflammatory IL-8 release.,180,183,YAP,Gene
41862111_2,The ability of micropatterned endothelial cells to maintain their anti-immunogenic functions under pro-inflammatory conditions was demonstrated by the increased phosphorylation of YAP and decrease in pro-inflammatory IL-8 release.,204,216,inflammatory,Disease
41862111_2,The ability of micropatterned endothelial cells to maintain their anti-immunogenic functions under pro-inflammatory conditions was demonstrated by the increased phosphorylation of YAP and decrease in pro-inflammatory IL-8 release.,217,221,IL-8,Gene
41895230_1,Pseudokinases are enigmatic proteins that evolved such that they retained the evolutionarily conserved kinase-like fold but lost key residues required for substrate phosphorylation.,0,13,Pseudokinases,Gene
41847111_1,"This was accompanied by increased AMP-activated protein kinase activity and phosphorylation of YAP1, implying tapered activity of the YAP1 oncoprotein.",34,62,AMP-activated protein kinase,Gene
41847111_1,"This was accompanied by increased AMP-activated protein kinase activity and phosphorylation of YAP1, implying tapered activity of the YAP1 oncoprotein.",95,99,YAP1,Gene
41847111_1,"This was accompanied by increased AMP-activated protein kinase activity and phosphorylation of YAP1, implying tapered activity of the YAP1 oncoprotein.",134,138,YAP1,Gene
41847664_1,"In vitro, 10h demonstrated potent anti-tumor activity and effectively inhibited niraparib-induced CHK1 phosphorylation in Granta-519.",39,44,tumor,Disease
41847664_1,"In vitro, 10h demonstrated potent anti-tumor activity and effectively inhibited niraparib-induced CHK1 phosphorylation in Granta-519.",80,89,niraparib,Chemical
41847664_1,"In vitro, 10h demonstrated potent anti-tumor activity and effectively inhibited niraparib-induced CHK1 phosphorylation in Granta-519.",98,102,CHK1,Gene
41847664_1,"In vitro, 10h demonstrated potent anti-tumor activity and effectively inhibited niraparib-induced CHK1 phosphorylation in Granta-519.",122,132,Granta-519,CellLine
41864233_1,"Using mass spectrometry techniques, plasma p-tau217 was measured as a ratio to a non-phosphorylated peptide (%p-tau217), and eMTBR-tau243 was measured as a concentration.",43,44,p,Gene
41864233_1,"Using mass spectrometry techniques, plasma p-tau217 was measured as a ratio to a non-phosphorylated peptide (%p-tau217), and eMTBR-tau243 was measured as a concentration.",125,130,eMTBR,Gene
41865688_1,"YFSJ combined with gefitinib treatment inhibits EGFR and Erk1/2 phosphorylation, promoting YAP1 phosphorylation, inhibits AKT phosphorylation and downstream ANKRD1 expression, ultimately suppressing cell proliferation and promoting apoptosis.",0,4,YFSJ,Chemical
41865688_1,"YFSJ combined with gefitinib treatment inhibits EGFR and Erk1/2 phosphorylation, promoting YAP1 phosphorylation, inhibits AKT phosphorylation and downstream ANKRD1 expression, ultimately suppressing cell proliferation and promoting apoptosis.",19,28,gefitinib,Chemical
41865688_1,"YFSJ combined with gefitinib treatment inhibits EGFR and Erk1/2 phosphorylation, promoting YAP1 phosphorylation, inhibits AKT phosphorylation and downstream ANKRD1 expression, ultimately suppressing cell proliferation and promoting apoptosis.",48,52,EGFR,Gene
41865688_1,"YFSJ combined with gefitinib treatment inhibits EGFR and Erk1/2 phosphorylation, promoting YAP1 phosphorylation, inhibits AKT phosphorylation and downstream ANKRD1 expression, ultimately suppressing cell proliferation and promoting apoptosis.",57,63,Erk1/2,Gene
41865688_1,"YFSJ combined with gefitinib treatment inhibits EGFR and Erk1/2 phosphorylation, promoting YAP1 phosphorylation, inhibits AKT phosphorylation and downstream ANKRD1 expression, ultimately suppressing cell proliferation and promoting apoptosis.",91,95,YAP1,Gene
41865688_1,"YFSJ combined with gefitinib treatment inhibits EGFR and Erk1/2 phosphorylation, promoting YAP1 phosphorylation, inhibits AKT phosphorylation and downstream ANKRD1 expression, ultimately suppressing cell proliferation and promoting apoptosis.",122,125,AKT,Gene
41865688_1,"YFSJ combined with gefitinib treatment inhibits EGFR and Erk1/2 phosphorylation, promoting YAP1 phosphorylation, inhibits AKT phosphorylation and downstream ANKRD1 expression, ultimately suppressing cell proliferation and promoting apoptosis.",157,163,ANKRD1,Gene
41876639_1,"We further discuss crosstalk between glycosylation, ubiquitination, and phosphorylation, metabolic regulation of UDP-GlcNAc flux, and pathogen- or tumor-driven glycosylation reprogramming, highlighting glycosylation enzymes as potential immunomodulatory targets.",113,123,UDP-GlcNAc,Gene
41876639_1,"We further discuss crosstalk between glycosylation, ubiquitination, and phosphorylation, metabolic regulation of UDP-GlcNAc flux, and pathogen- or tumor-driven glycosylation reprogramming, highlighting glycosylation enzymes as potential immunomodulatory targets.",147,152,tumor,Disease
41886288_1,We report an elemental sulfur/base/water system enabling the synthesis of 2-phosphorylbenzazoles via a Willgerodt-Kindler-type reaction of o-hydroxy/amino/mercaptoanilines with substituted phosphorylmethanes.,23,29,sulfur,Chemical
41886288_1,We report an elemental sulfur/base/water system enabling the synthesis of 2-phosphorylbenzazoles via a Willgerodt-Kindler-type reaction of o-hydroxy/amino/mercaptoanilines with substituted phosphorylmethanes.,35,40,water,Chemical
41886288_1,We report an elemental sulfur/base/water system enabling the synthesis of 2-phosphorylbenzazoles via a Willgerodt-Kindler-type reaction of o-hydroxy/amino/mercaptoanilines with substituted phosphorylmethanes.,74,96,2-phosphorylbenzazoles,Chemical
41886288_1,We report an elemental sulfur/base/water system enabling the synthesis of 2-phosphorylbenzazoles via a Willgerodt-Kindler-type reaction of o-hydroxy/amino/mercaptoanilines with substituted phosphorylmethanes.,139,171,o-hydroxy/amino/mercaptoanilines,Chemical
41886288_1,We report an elemental sulfur/base/water system enabling the synthesis of 2-phosphorylbenzazoles via a Willgerodt-Kindler-type reaction of o-hydroxy/amino/mercaptoanilines with substituted phosphorylmethanes.,189,207,phosphorylmethanes,Chemical
41882025_1,"Post-translational modification analysis revealed combination-induced acetylation, methylation, and phosphorylation of key AML proteins, including NPM1.",123,126,AML,Gene
41882025_1,"Post-translational modification analysis revealed combination-induced acetylation, methylation, and phosphorylation of key AML proteins, including NPM1.",147,151,NPM1,Gene
41842946_1,"Mechanistically, IKKα phosphorylates HHEX at S213 to stabilize HHEX in response to TNF-α by inhibiting the interaction of HHEX with the E3 ubiquitin ligase MID2 and subsequent K48-linked ubiquitination and protein degradation.",17,21,IKKα,Gene
41842946_1,"Mechanistically, IKKα phosphorylates HHEX at S213 to stabilize HHEX in response to TNF-α by inhibiting the interaction of HHEX with the E3 ubiquitin ligase MID2 and subsequent K48-linked ubiquitination and protein degradation.",37,41,HHEX,Gene
41842946_1,"Mechanistically, IKKα phosphorylates HHEX at S213 to stabilize HHEX in response to TNF-α by inhibiting the interaction of HHEX with the E3 ubiquitin ligase MID2 and subsequent K48-linked ubiquitination and protein degradation.",63,67,HHEX,Gene
41842946_1,"Mechanistically, IKKα phosphorylates HHEX at S213 to stabilize HHEX in response to TNF-α by inhibiting the interaction of HHEX with the E3 ubiquitin ligase MID2 and subsequent K48-linked ubiquitination and protein degradation.",83,88,TNF-α,Gene
41842946_1,"Mechanistically, IKKα phosphorylates HHEX at S213 to stabilize HHEX in response to TNF-α by inhibiting the interaction of HHEX with the E3 ubiquitin ligase MID2 and subsequent K48-linked ubiquitination and protein degradation.",122,126,HHEX,Gene
41842946_1,"Mechanistically, IKKα phosphorylates HHEX at S213 to stabilize HHEX in response to TNF-α by inhibiting the interaction of HHEX with the E3 ubiquitin ligase MID2 and subsequent K48-linked ubiquitination and protein degradation.",136,155,E3 ubiquitin ligase,Gene
41842946_1,"Mechanistically, IKKα phosphorylates HHEX at S213 to stabilize HHEX in response to TNF-α by inhibiting the interaction of HHEX with the E3 ubiquitin ligase MID2 and subsequent K48-linked ubiquitination and protein degradation.",156,160,MID2,Gene
41889763_1,"The roles of H-phosphoryl compounds [HP-(O)-R'R″] in various transformations remain insufficiently elucidated, particularly concerning their contributions to facilitating the conversion of inert chemical bonds.",13,35,H-phosphoryl compounds,Chemical
41889763_1,"The roles of H-phosphoryl compounds [HP-(O)-R'R″] in various transformations remain insufficiently elucidated, particularly concerning their contributions to facilitating the conversion of inert chemical bonds.",37,48,HP-(O)-R'R″,Chemical
41889763_2,"Notably, H-phosphoryl compounds, especially the commercially available, bench-stable, and inexpensive HP-(O)-Ph2 used in this study, were discovered for the first time to function as both a defluorinative surrogate and an H-reagent, displaying unconventional HDF reactivity with the assistance of water.",9,21,H-phosphoryl,Chemical
41889763_2,"Notably, H-phosphoryl compounds, especially the commercially available, bench-stable, and inexpensive HP-(O)-Ph2 used in this study, were discovered for the first time to function as both a defluorinative surrogate and an H-reagent, displaying unconventional HDF reactivity with the assistance of water.",102,112,HP-(O)-Ph2,Chemical
41889763_2,"Notably, H-phosphoryl compounds, especially the commercially available, bench-stable, and inexpensive HP-(O)-Ph2 used in this study, were discovered for the first time to function as both a defluorinative surrogate and an H-reagent, displaying unconventional HDF reactivity with the assistance of water.",222,231,H-reagent,Chemical
41889763_2,"Notably, H-phosphoryl compounds, especially the commercially available, bench-stable, and inexpensive HP-(O)-Ph2 used in this study, were discovered for the first time to function as both a defluorinative surrogate and an H-reagent, displaying unconventional HDF reactivity with the assistance of water.",297,302,water,Chemical
41887981_1,"Loss of the mitochondrial NAD kinase, which phosphorylates NAD(H) to generate mitochondrial NADP(H), disrupts NADP(H)-dependent pathways that sustain oxidative metabolism and systemic energy balance.",26,36,NAD kinase,Gene
41887981_1,"Loss of the mitochondrial NAD kinase, which phosphorylates NAD(H) to generate mitochondrial NADP(H), disrupts NADP(H)-dependent pathways that sustain oxidative metabolism and systemic energy balance.",59,65,NAD(H),Chemical
41887981_1,"Loss of the mitochondrial NAD kinase, which phosphorylates NAD(H) to generate mitochondrial NADP(H), disrupts NADP(H)-dependent pathways that sustain oxidative metabolism and systemic energy balance.",92,99,NADP(H),Chemical
41887981_1,"Loss of the mitochondrial NAD kinase, which phosphorylates NAD(H) to generate mitochondrial NADP(H), disrupts NADP(H)-dependent pathways that sustain oxidative metabolism and systemic energy balance.",110,117,NADP(H),Chemical
41858737_1,"While bulk tumor cells are often dependent on glycolysis, CSCs demonstrate metabolic plasticity can switch between glycolysis and OXPHOS (oxidative phosphorylation) depending on context.",11,16,tumor,Disease
41849049_1,"Classical models cast CaMKII as a Ca2+/calmodulin-activated kinase that, once phosphorylated, persists autonomously to encode synaptic memory.",22,28,CaMKII,Gene
41849049_1,"Classical models cast CaMKII as a Ca2+/calmodulin-activated kinase that, once phosphorylated, persists autonomously to encode synaptic memory.",34,66,Ca2+/calmodulin-activated kinase,Gene
41868506_1,Rice senses salinity using receptor-like kinases and Ca2+-dependent signaling pathway but the initial stages of the response and down-stream phosphorylation cascades have not been characterized well.,0,4,Rice,Species
41868506_1,Rice senses salinity using receptor-like kinases and Ca2+-dependent signaling pathway but the initial stages of the response and down-stream phosphorylation cascades have not been characterized well.,27,48,receptor-like kinases,Gene
41868506_1,Rice senses salinity using receptor-like kinases and Ca2+-dependent signaling pathway but the initial stages of the response and down-stream phosphorylation cascades have not been characterized well.,53,57,Ca2+,Chemical
41863615_1,"Concurrently, exercise improves metabolic adaptation and sustains antitumor effects via metabolic reprogramming, which involves enhancing mitochondrial oxidative phosphorylation and increasing lactate-mediated stemness.",193,200,lactate,Chemical
41861913_1,"While metabolic alterations and substrate utilization inflexibility have been well studied and are considered hallmarks of heart failure pathogenesis, the overwhelming majority of these investigations have focused on the health and function of the mitochondria in cardiac myocytes; for good reason given the mitochondria is the location of oxidative phosphorylation complexes that, although debated, can form respiratory super complexes to generate ATP in conjunction with the electron transport chain and TCA cycle.",123,136,heart failure,Disease
41861913_1,"While metabolic alterations and substrate utilization inflexibility have been well studied and are considered hallmarks of heart failure pathogenesis, the overwhelming majority of these investigations have focused on the health and function of the mitochondria in cardiac myocytes; for good reason given the mitochondria is the location of oxidative phosphorylation complexes that, although debated, can form respiratory super complexes to generate ATP in conjunction with the electron transport chain and TCA cycle.",449,452,ATP,Chemical
41861913_1,"While metabolic alterations and substrate utilization inflexibility have been well studied and are considered hallmarks of heart failure pathogenesis, the overwhelming majority of these investigations have focused on the health and function of the mitochondria in cardiac myocytes; for good reason given the mitochondria is the location of oxidative phosphorylation complexes that, although debated, can form respiratory super complexes to generate ATP in conjunction with the electron transport chain and TCA cycle.",506,509,TCA,Chemical
41845971_1,"However, in over 95% of ALS cases, TDP-43 mislocalises from the nucleus to the cytoplasm, where it enriches in cytoplasmic inclusions that are marked by the presence of misfolded, ubiquitinated, phosphorylated and fragmented protein species of TDP-43.",24,27,ALS,Disease
41845971_1,"However, in over 95% of ALS cases, TDP-43 mislocalises from the nucleus to the cytoplasm, where it enriches in cytoplasmic inclusions that are marked by the presence of misfolded, ubiquitinated, phosphorylated and fragmented protein species of TDP-43.",35,41,TDP-43,Gene
41845971_1,"However, in over 95% of ALS cases, TDP-43 mislocalises from the nucleus to the cytoplasm, where it enriches in cytoplasmic inclusions that are marked by the presence of misfolded, ubiquitinated, phosphorylated and fragmented protein species of TDP-43.",244,250,TDP-43,Gene
41868184_1,"Furthermore, anthraquinones inhibit pyroptosis, apoptosis, tau phosphorylation, Aβ/α-synuclein aggregation, and acetylcholinesterase activity, while restoring metal homeostasis, activating estrogen receptors, modulating gut microbiota, increasing BDNF levels, and preserving blood-brain barrier permeability.",13,27,anthraquinones,Chemical
41868184_1,"Furthermore, anthraquinones inhibit pyroptosis, apoptosis, tau phosphorylation, Aβ/α-synuclein aggregation, and acetylcholinesterase activity, while restoring metal homeostasis, activating estrogen receptors, modulating gut microbiota, increasing BDNF levels, and preserving blood-brain barrier permeability.",59,62,tau,Gene
41868184_1,"Furthermore, anthraquinones inhibit pyroptosis, apoptosis, tau phosphorylation, Aβ/α-synuclein aggregation, and acetylcholinesterase activity, while restoring metal homeostasis, activating estrogen receptors, modulating gut microbiota, increasing BDNF levels, and preserving blood-brain barrier permeability.",80,82,Aβ,Gene
41868184_1,"Furthermore, anthraquinones inhibit pyroptosis, apoptosis, tau phosphorylation, Aβ/α-synuclein aggregation, and acetylcholinesterase activity, while restoring metal homeostasis, activating estrogen receptors, modulating gut microbiota, increasing BDNF levels, and preserving blood-brain barrier permeability.",83,94,α-synuclein,Gene
41868184_1,"Furthermore, anthraquinones inhibit pyroptosis, apoptosis, tau phosphorylation, Aβ/α-synuclein aggregation, and acetylcholinesterase activity, while restoring metal homeostasis, activating estrogen receptors, modulating gut microbiota, increasing BDNF levels, and preserving blood-brain barrier permeability.",112,132,acetylcholinesterase,Gene
41868184_1,"Furthermore, anthraquinones inhibit pyroptosis, apoptosis, tau phosphorylation, Aβ/α-synuclein aggregation, and acetylcholinesterase activity, while restoring metal homeostasis, activating estrogen receptors, modulating gut microbiota, increasing BDNF levels, and preserving blood-brain barrier permeability.",159,164,metal,Chemical
41868184_1,"Furthermore, anthraquinones inhibit pyroptosis, apoptosis, tau phosphorylation, Aβ/α-synuclein aggregation, and acetylcholinesterase activity, while restoring metal homeostasis, activating estrogen receptors, modulating gut microbiota, increasing BDNF levels, and preserving blood-brain barrier permeability.",189,207,estrogen receptors,Gene
41868184_1,"Furthermore, anthraquinones inhibit pyroptosis, apoptosis, tau phosphorylation, Aβ/α-synuclein aggregation, and acetylcholinesterase activity, while restoring metal homeostasis, activating estrogen receptors, modulating gut microbiota, increasing BDNF levels, and preserving blood-brain barrier permeability.",247,251,BDNF,Gene
41862620_1,"METHOD: Relevant literature on immune responses and metabolic regulation in nerve injury wasanalyzed to explore how shifts between glycolysis, oxidative phosphorylation, and fatty acidoxidation govern the balance between inflammatory and reparative states.",76,88,nerve injury,Disease
41862620_1,"METHOD: Relevant literature on immune responses and metabolic regulation in nerve injury wasanalyzed to explore how shifts between glycolysis, oxidative phosphorylation, and fatty acidoxidation govern the balance between inflammatory and reparative states.",221,233,inflammatory,Disease
41868147_1,"This stress encompasses alterations in oxidative phosphorylation, mitochondrial dynamics, calcium handling, reactive oxygen species (ROS) production, and activation or disruption of mitochondrial quality control pathways such as mitophagy.",90,97,calcium,Chemical
41868147_1,"This stress encompasses alterations in oxidative phosphorylation, mitochondrial dynamics, calcium handling, reactive oxygen species (ROS) production, and activation or disruption of mitochondrial quality control pathways such as mitophagy.",108,131,reactive oxygen species,Chemical
41868147_1,"This stress encompasses alterations in oxidative phosphorylation, mitochondrial dynamics, calcium handling, reactive oxygen species (ROS) production, and activation or disruption of mitochondrial quality control pathways such as mitophagy.",133,136,ROS,Chemical
41873355_1,"This review summarizes seven key PTMs' (phosphorylation, acetylation, glycosylation, methylation, ubiquitination, SUMOylation, lactylation) dual regulation on NK cell therapy: physiological PTMs enhance NK cytotoxicity, targeting, and persistence; aberrant PTMs block NK activation, induce exhaustion, and promote GBM immune escape.",314,317,GBM,Disease
41846138_1,"The established molecular initiating event of MC-LR toxicity is the inhibition of serine/threonine protein phosphatases (PP1 and PP2), leading to widespread phosphorylation imbalance and cellular stress.",46,51,MC-LR,Chemical
41846138_1,"The established molecular initiating event of MC-LR toxicity is the inhibition of serine/threonine protein phosphatases (PP1 and PP2), leading to widespread phosphorylation imbalance and cellular stress.",52,60,toxicity,Disease
41846138_1,"The established molecular initiating event of MC-LR toxicity is the inhibition of serine/threonine protein phosphatases (PP1 and PP2), leading to widespread phosphorylation imbalance and cellular stress.",82,119,serine/threonine protein phosphatases,Gene
41846138_1,"The established molecular initiating event of MC-LR toxicity is the inhibition of serine/threonine protein phosphatases (PP1 and PP2), leading to widespread phosphorylation imbalance and cellular stress.",121,124,PP1,Gene
41846138_1,"The established molecular initiating event of MC-LR toxicity is the inhibition of serine/threonine protein phosphatases (PP1 and PP2), leading to widespread phosphorylation imbalance and cellular stress.",129,132,PP2,Gene
41846138_2,This review critically analyzes recent mechanistic findings and cross-species evidence to contextualize autophagy dysregulation within a broader framework of phosphorylation imbalance and organelle stress in MC-LR toxicity.,208,213,MC-LR,Chemical
41846138_2,This review critically analyzes recent mechanistic findings and cross-species evidence to contextualize autophagy dysregulation within a broader framework of phosphorylation imbalance and organelle stress in MC-LR toxicity.,214,222,toxicity,Disease
41854733_1,"Somatostatin receptors (SSTR1-5) are widely expressed in cognition-related brain regions and participate in amyloid-β metabolism, tau phosphorylation, neuroinflammation, and synaptic plasticity.",0,22,Somatostatin receptors,Gene
41854733_1,"Somatostatin receptors (SSTR1-5) are widely expressed in cognition-related brain regions and participate in amyloid-β metabolism, tau phosphorylation, neuroinflammation, and synaptic plasticity.",24,31,SSTR1-5,Gene
41854733_1,"Somatostatin receptors (SSTR1-5) are widely expressed in cognition-related brain regions and participate in amyloid-β metabolism, tau phosphorylation, neuroinflammation, and synaptic plasticity.",108,117,amyloid-β,Gene
41854733_1,"Somatostatin receptors (SSTR1-5) are widely expressed in cognition-related brain regions and participate in amyloid-β metabolism, tau phosphorylation, neuroinflammation, and synaptic plasticity.",130,133,tau,Gene
41854733_1,"Somatostatin receptors (SSTR1-5) are widely expressed in cognition-related brain regions and participate in amyloid-β metabolism, tau phosphorylation, neuroinflammation, and synaptic plasticity.",151,168,neuroinflammation,Disease
41844234_1,"MYC is regulated at multiple levels, and its stability and activity are modulated by protein phosphorylation.",0,3,MYC,Gene
41869562_1,"Furthermore, phosphorylated STAT3 levels positively correlated with the M2 marker ArgI, and both were further increased in the absence of Ezh2.",28,33,STAT3,Gene
41869562_1,"Furthermore, phosphorylated STAT3 levels positively correlated with the M2 marker ArgI, and both were further increased in the absence of Ezh2.",82,86,ArgI,Gene
41869562_1,"Furthermore, phosphorylated STAT3 levels positively correlated with the M2 marker ArgI, and both were further increased in the absence of Ezh2.",138,142,Ezh2,Gene
41849441_1,"To quantitatively evaluate differences in antithrombogenicity, poly(butyl methacrylate) (PBMA), poly(2-methoxyethyl acrylate) (PMEA), and poly(2-methacryloyloxyethyl phosphorylcholine-co-n-butyl methacrylate) (P(MPC-co-BMA)) were spin-coated on gold QCM-D (Quartz Crystal Microbalance with Dissipation) sensors, and the adsorption behaviors of fibrinogen (Fg) on these polymer surfaces was analyzed.",63,87,poly(butyl methacrylate),Chemical
41849441_1,"To quantitatively evaluate differences in antithrombogenicity, poly(butyl methacrylate) (PBMA), poly(2-methoxyethyl acrylate) (PMEA), and poly(2-methacryloyloxyethyl phosphorylcholine-co-n-butyl methacrylate) (P(MPC-co-BMA)) were spin-coated on gold QCM-D (Quartz Crystal Microbalance with Dissipation) sensors, and the adsorption behaviors of fibrinogen (Fg) on these polymer surfaces was analyzed.",89,93,PBMA,Chemical
41849441_1,"To quantitatively evaluate differences in antithrombogenicity, poly(butyl methacrylate) (PBMA), poly(2-methoxyethyl acrylate) (PMEA), and poly(2-methacryloyloxyethyl phosphorylcholine-co-n-butyl methacrylate) (P(MPC-co-BMA)) were spin-coated on gold QCM-D (Quartz Crystal Microbalance with Dissipation) sensors, and the adsorption behaviors of fibrinogen (Fg) on these polymer surfaces was analyzed.",96,125,poly(2-methoxyethyl acrylate),Chemical
41849441_1,"To quantitatively evaluate differences in antithrombogenicity, poly(butyl methacrylate) (PBMA), poly(2-methoxyethyl acrylate) (PMEA), and poly(2-methacryloyloxyethyl phosphorylcholine-co-n-butyl methacrylate) (P(MPC-co-BMA)) were spin-coated on gold QCM-D (Quartz Crystal Microbalance with Dissipation) sensors, and the adsorption behaviors of fibrinogen (Fg) on these polymer surfaces was analyzed.",127,131,PMEA,Chemical
41849441_1,"To quantitatively evaluate differences in antithrombogenicity, poly(butyl methacrylate) (PBMA), poly(2-methoxyethyl acrylate) (PMEA), and poly(2-methacryloyloxyethyl phosphorylcholine-co-n-butyl methacrylate) (P(MPC-co-BMA)) were spin-coated on gold QCM-D (Quartz Crystal Microbalance with Dissipation) sensors, and the adsorption behaviors of fibrinogen (Fg) on these polymer surfaces was analyzed.",138,208,poly(2-methacryloyloxyethyl phosphorylcholine-co-n-butyl methacrylate),Chemical
41849441_1,"To quantitatively evaluate differences in antithrombogenicity, poly(butyl methacrylate) (PBMA), poly(2-methoxyethyl acrylate) (PMEA), and poly(2-methacryloyloxyethyl phosphorylcholine-co-n-butyl methacrylate) (P(MPC-co-BMA)) were spin-coated on gold QCM-D (Quartz Crystal Microbalance with Dissipation) sensors, and the adsorption behaviors of fibrinogen (Fg) on these polymer surfaces was analyzed.",210,223,P(MPC-co-BMA),Chemical
41849441_1,"To quantitatively evaluate differences in antithrombogenicity, poly(butyl methacrylate) (PBMA), poly(2-methoxyethyl acrylate) (PMEA), and poly(2-methacryloyloxyethyl phosphorylcholine-co-n-butyl methacrylate) (P(MPC-co-BMA)) were spin-coated on gold QCM-D (Quartz Crystal Microbalance with Dissipation) sensors, and the adsorption behaviors of fibrinogen (Fg) on these polymer surfaces was analyzed.",245,249,gold,Chemical
41849441_1,"To quantitatively evaluate differences in antithrombogenicity, poly(butyl methacrylate) (PBMA), poly(2-methoxyethyl acrylate) (PMEA), and poly(2-methacryloyloxyethyl phosphorylcholine-co-n-butyl methacrylate) (P(MPC-co-BMA)) were spin-coated on gold QCM-D (Quartz Crystal Microbalance with Dissipation) sensors, and the adsorption behaviors of fibrinogen (Fg) on these polymer surfaces was analyzed.",344,354,fibrinogen,Gene
41849441_1,"To quantitatively evaluate differences in antithrombogenicity, poly(butyl methacrylate) (PBMA), poly(2-methoxyethyl acrylate) (PMEA), and poly(2-methacryloyloxyethyl phosphorylcholine-co-n-butyl methacrylate) (P(MPC-co-BMA)) were spin-coated on gold QCM-D (Quartz Crystal Microbalance with Dissipation) sensors, and the adsorption behaviors of fibrinogen (Fg) on these polymer surfaces was analyzed.",356,358,Fg,Gene
41849441_1,"To quantitatively evaluate differences in antithrombogenicity, poly(butyl methacrylate) (PBMA), poly(2-methoxyethyl acrylate) (PMEA), and poly(2-methacryloyloxyethyl phosphorylcholine-co-n-butyl methacrylate) (P(MPC-co-BMA)) were spin-coated on gold QCM-D (Quartz Crystal Microbalance with Dissipation) sensors, and the adsorption behaviors of fibrinogen (Fg) on these polymer surfaces was analyzed.",369,376,polymer,Chemical
41844803_1,"Phosphoproteomics revealed reduced phosphorylation of MRCKA and SLK substrates, suggesting crosstalk between D/L-2HG modification and kinase activity.",54,59,MRCKA,Gene
41844803_1,"Phosphoproteomics revealed reduced phosphorylation of MRCKA and SLK substrates, suggesting crosstalk between D/L-2HG modification and kinase activity.",64,67,SLK,Gene
41844803_1,"Phosphoproteomics revealed reduced phosphorylation of MRCKA and SLK substrates, suggesting crosstalk between D/L-2HG modification and kinase activity.",109,116,D/L-2HG,Chemical
41855256_1,"CHKA phosphorylates promyelocytic leukemia (PML) at tyrosine 339, promoting its cytoplasmic localization.",0,4,CHKA,Gene
41855256_1,"CHKA phosphorylates promyelocytic leukemia (PML) at tyrosine 339, promoting its cytoplasmic localization.",20,44,promyelocytic leukemia (,Gene
41855256_1,"CHKA phosphorylates promyelocytic leukemia (PML) at tyrosine 339, promoting its cytoplasmic localization.",44,48,PML),Gene
41852131_1,"COS is of great significance in the prevention and treatment of AD; the main mechanisms of action include inhibiting acetylcholinesterase and beta-secretase activity, preventing abnormal phosphorylation of tau protein, chelating copper ions, protecting neuronal cells, and exhibiting antioxidant effects.",0,3,COS,Chemical
41852131_1,"COS is of great significance in the prevention and treatment of AD; the main mechanisms of action include inhibiting acetylcholinesterase and beta-secretase activity, preventing abnormal phosphorylation of tau protein, chelating copper ions, protecting neuronal cells, and exhibiting antioxidant effects.",64,66,AD,Disease
41852131_1,"COS is of great significance in the prevention and treatment of AD; the main mechanisms of action include inhibiting acetylcholinesterase and beta-secretase activity, preventing abnormal phosphorylation of tau protein, chelating copper ions, protecting neuronal cells, and exhibiting antioxidant effects.",117,137,acetylcholinesterase,Gene
41852131_1,"COS is of great significance in the prevention and treatment of AD; the main mechanisms of action include inhibiting acetylcholinesterase and beta-secretase activity, preventing abnormal phosphorylation of tau protein, chelating copper ions, protecting neuronal cells, and exhibiting antioxidant effects.",142,156,beta-secretase,Gene
41852131_1,"COS is of great significance in the prevention and treatment of AD; the main mechanisms of action include inhibiting acetylcholinesterase and beta-secretase activity, preventing abnormal phosphorylation of tau protein, chelating copper ions, protecting neuronal cells, and exhibiting antioxidant effects.",206,209,tau,Gene
41852131_1,"COS is of great significance in the prevention and treatment of AD; the main mechanisms of action include inhibiting acetylcholinesterase and beta-secretase activity, preventing abnormal phosphorylation of tau protein, chelating copper ions, protecting neuronal cells, and exhibiting antioxidant effects.",229,235,copper,Chemical
41867854_1,"In skeletal muscle, where DAS events were the most abundant, DAS genes were enriched for muscle structure- and RNA splicing-related processes, and splicing machinery components were regulated at the protein phosphorylation, RNA, and AS levels.",61,64,DAS,Disease
41869290_1,The results of the gene set enrichment analysis (GSEA) indicated enrichment of oxidative phosphorylation pathway in NRF2-deficient cells.,116,120,NRF2,Gene
41857027_1,"Unlike other CDKs, CDK16 is regulated by an unclear mechanism involving phosphorylated cyclin Y (CCNY) in complex with 14-3-3 proteins rather than CCNY alone.",13,17,CDKs,Gene
41857027_1,"Unlike other CDKs, CDK16 is regulated by an unclear mechanism involving phosphorylated cyclin Y (CCNY) in complex with 14-3-3 proteins rather than CCNY alone.",19,24,CDK16,Gene
41857027_1,"Unlike other CDKs, CDK16 is regulated by an unclear mechanism involving phosphorylated cyclin Y (CCNY) in complex with 14-3-3 proteins rather than CCNY alone.",87,95,cyclin Y,Gene
41857027_1,"Unlike other CDKs, CDK16 is regulated by an unclear mechanism involving phosphorylated cyclin Y (CCNY) in complex with 14-3-3 proteins rather than CCNY alone.",97,101,CCNY,Gene
41857027_1,"Unlike other CDKs, CDK16 is regulated by an unclear mechanism involving phosphorylated cyclin Y (CCNY) in complex with 14-3-3 proteins rather than CCNY alone.",119,125,14-3-3,Gene
41857027_1,"Unlike other CDKs, CDK16 is regulated by an unclear mechanism involving phosphorylated cyclin Y (CCNY) in complex with 14-3-3 proteins rather than CCNY alone.",147,151,CCNY,Gene
41851502_1,"Mechanistically, OXSR1 phosphorylates the RhoB GTPase at threonine 37 upon intestinal injury, thereby disrupting its interaction with ARHGAP17 and increasing the levels of GTP-bound RhoB.",17,22,OXSR1,Gene
41851502_1,"Mechanistically, OXSR1 phosphorylates the RhoB GTPase at threonine 37 upon intestinal injury, thereby disrupting its interaction with ARHGAP17 and increasing the levels of GTP-bound RhoB.",42,53,RhoB GTPase,Gene
41851502_1,"Mechanistically, OXSR1 phosphorylates the RhoB GTPase at threonine 37 upon intestinal injury, thereby disrupting its interaction with ARHGAP17 and increasing the levels of GTP-bound RhoB.",75,92,intestinal injury,Disease
41851502_1,"Mechanistically, OXSR1 phosphorylates the RhoB GTPase at threonine 37 upon intestinal injury, thereby disrupting its interaction with ARHGAP17 and increasing the levels of GTP-bound RhoB.",134,142,ARHGAP17,Gene
41851502_1,"Mechanistically, OXSR1 phosphorylates the RhoB GTPase at threonine 37 upon intestinal injury, thereby disrupting its interaction with ARHGAP17 and increasing the levels of GTP-bound RhoB.",172,175,GTP,Chemical
41851502_1,"Mechanistically, OXSR1 phosphorylates the RhoB GTPase at threonine 37 upon intestinal injury, thereby disrupting its interaction with ARHGAP17 and increasing the levels of GTP-bound RhoB.",182,187,RhoB.,Gene
41880487_1,How microtubules simultaneously up- and down-regulate Aurora B phosphorylation remains unclear.,54,62,Aurora B,Gene
41880487_2,"Devising a new cryo-electron microscopy workflow, we determined microtubule-bound structures of the CPC and key Aurora B substrates that resolve their phosphorylation sites, finding that microtubules can promote or restrict Aurora B-mediated phosphorylation depending upon binding geometry.",100,103,CPC,Gene
41880487_2,"Devising a new cryo-electron microscopy workflow, we determined microtubule-bound structures of the CPC and key Aurora B substrates that resolve their phosphorylation sites, finding that microtubules can promote or restrict Aurora B-mediated phosphorylation depending upon binding geometry.",112,120,Aurora B,Gene
41880487_2,"Devising a new cryo-electron microscopy workflow, we determined microtubule-bound structures of the CPC and key Aurora B substrates that resolve their phosphorylation sites, finding that microtubules can promote or restrict Aurora B-mediated phosphorylation depending upon binding geometry.",224,232,Aurora B,Gene
41880487_3,"The kinetochore Ndc80 complex oligomerizes on microtubules through multivalent interactions including its kinase recognition sites, sterically restricting kinase access to counteract phosphorylation-induced detachment.",16,21,Ndc80,Gene
41880487_3,"The kinetochore Ndc80 complex oligomerizes on microtubules through multivalent interactions including its kinase recognition sites, sterically restricting kinase access to counteract phosphorylation-induced detachment.",155,161,kinase,Gene
41880487_4,"Conversely, Aurora B recognition sites of the microtubule-depolymerase mitotic centromere-associated kinesin (MCAK) remain accessible on microtubules, explaining how microtubule-bound CPC can promote MCAK phosphorylation and inactivation.",12,20,Aurora B,Gene
41880487_4,"Conversely, Aurora B recognition sites of the microtubule-depolymerase mitotic centromere-associated kinesin (MCAK) remain accessible on microtubules, explaining how microtubule-bound CPC can promote MCAK phosphorylation and inactivation.",71,108,mitotic centromere-associated kinesin,Gene
41880487_4,"Conversely, Aurora B recognition sites of the microtubule-depolymerase mitotic centromere-associated kinesin (MCAK) remain accessible on microtubules, explaining how microtubule-bound CPC can promote MCAK phosphorylation and inactivation.",110,114,MCAK,Gene
41880487_4,"Conversely, Aurora B recognition sites of the microtubule-depolymerase mitotic centromere-associated kinesin (MCAK) remain accessible on microtubules, explaining how microtubule-bound CPC can promote MCAK phosphorylation and inactivation.",184,187,CPC,Gene
41880487_4,"Conversely, Aurora B recognition sites of the microtubule-depolymerase mitotic centromere-associated kinesin (MCAK) remain accessible on microtubules, explaining how microtubule-bound CPC can promote MCAK phosphorylation and inactivation.",200,204,MCAK,Gene
41880487_5,"We propose that microtubule-guided substrate remodeling can serve as a general mechanism for controlling Aurora B-mediated phosphorylation during mitosis, which can coordinate diverse processes underlying faithful chromosome segregation.",105,113,Aurora B,Gene
41862769_1,"Bazedoxifene (a selective estrogen receptor modulator) treatment of male Mdga1Y636C/E751Q KI mice rescues the changes in the expression and phosphorylation of a subset of GABAergic synaptic proteins, as well as behavioral performance and GABAergic synaptic strength.",0,12,Bazedoxifene,Chemical
41862769_1,"Bazedoxifene (a selective estrogen receptor modulator) treatment of male Mdga1Y636C/E751Q KI mice rescues the changes in the expression and phosphorylation of a subset of GABAergic synaptic proteins, as well as behavioral performance and GABAergic synaptic strength.",26,43,estrogen receptor,Gene
41862769_1,"Bazedoxifene (a selective estrogen receptor modulator) treatment of male Mdga1Y636C/E751Q KI mice rescues the changes in the expression and phosphorylation of a subset of GABAergic synaptic proteins, as well as behavioral performance and GABAergic synaptic strength.",73,89,Mdga1Y636C/E751Q,Gene
41862769_1,"Bazedoxifene (a selective estrogen receptor modulator) treatment of male Mdga1Y636C/E751Q KI mice rescues the changes in the expression and phosphorylation of a subset of GABAergic synaptic proteins, as well as behavioral performance and GABAergic synaptic strength.",93,97,mice,Species
41844585_1,"Our results reveal that EA significantly reduces both amyloid-beta (Aβ) and phosphorylated tau (p-tau) levels and neuroinflammatory biomarkers, including molecular signatures for activated microglia and astrocytes in the brain.",24,26,EA,Chemical
41844585_1,"Our results reveal that EA significantly reduces both amyloid-beta (Aβ) and phosphorylated tau (p-tau) levels and neuroinflammatory biomarkers, including molecular signatures for activated microglia and astrocytes in the brain.",54,66,amyloid-beta,Gene
41844585_1,"Our results reveal that EA significantly reduces both amyloid-beta (Aβ) and phosphorylated tau (p-tau) levels and neuroinflammatory biomarkers, including molecular signatures for activated microglia and astrocytes in the brain.",68,70,Aβ,Gene
41844585_1,"Our results reveal that EA significantly reduces both amyloid-beta (Aβ) and phosphorylated tau (p-tau) levels and neuroinflammatory biomarkers, including molecular signatures for activated microglia and astrocytes in the brain.",91,94,tau,Gene
41844585_1,"Our results reveal that EA significantly reduces both amyloid-beta (Aβ) and phosphorylated tau (p-tau) levels and neuroinflammatory biomarkers, including molecular signatures for activated microglia and astrocytes in the brain.",98,101,tau,Gene
41844585_1,"Our results reveal that EA significantly reduces both amyloid-beta (Aβ) and phosphorylated tau (p-tau) levels and neuroinflammatory biomarkers, including molecular signatures for activated microglia and astrocytes in the brain.",114,131,neuroinflammatory,Disease
41869559_1,"Mechanistically, Panx1 deficiency leads to reduced non-phosphorylated β-catenin levels and its downstream targets, indicating impaired Wnt/β-catenin signaling.",17,22,Panx1,Gene
41869559_1,"Mechanistically, Panx1 deficiency leads to reduced non-phosphorylated β-catenin levels and its downstream targets, indicating impaired Wnt/β-catenin signaling.",70,79,β-catenin,Gene
41869559_1,"Mechanistically, Panx1 deficiency leads to reduced non-phosphorylated β-catenin levels and its downstream targets, indicating impaired Wnt/β-catenin signaling.",135,138,Wnt,Gene
41869559_1,"Mechanistically, Panx1 deficiency leads to reduced non-phosphorylated β-catenin levels and its downstream targets, indicating impaired Wnt/β-catenin signaling.",139,148,β-catenin,Gene
41844616_1,"Phosphorylation, including by the MAPK itself, antagonises Sms1 membrane translocation, establishing a negative feedback that underlies polarity patch turnover and prevents untimely mating attempts.",34,38,MAPK,Gene
41844616_1,"Phosphorylation, including by the MAPK itself, antagonises Sms1 membrane translocation, establishing a negative feedback that underlies polarity patch turnover and prevents untimely mating attempts.",59,63,Sms1,Gene
41863805_1,"Previous studies have identified key steps during necroptosis, which are believed to be coupled: MLKL phosphorylation by RIPK3, release of N-terminal autoinhibition, and MLKL oligomerization.",97,101,MLKL,Gene
41863805_1,"Previous studies have identified key steps during necroptosis, which are believed to be coupled: MLKL phosphorylation by RIPK3, release of N-terminal autoinhibition, and MLKL oligomerization.",121,126,RIPK3,Gene
41863805_1,"Previous studies have identified key steps during necroptosis, which are believed to be coupled: MLKL phosphorylation by RIPK3, release of N-terminal autoinhibition, and MLKL oligomerization.",170,174,MLKL,Gene
41863805_2,"Here, we employ five different pharmacological, biological, and genetic methods to demonstrate that inhibiting the MLKL N terminus prevents both phosphorylation and oligomerization.",115,119,MLKL,Gene
41863805_3,"Conversely, loss of interaction between the N-terminal four-helical bundle and brace domains demonstrates basal MLKL phosphorylation, even in the absence of necroptotic stimuli.",112,116,MLKL,Gene
41863805_4,"Moreover, we show that MLKL phosphorylation is not necessary for maintaining MLKL oligomer stability.",23,27,MLKL,Gene
41863805_4,"Moreover, we show that MLKL phosphorylation is not necessary for maintaining MLKL oligomer stability.",77,81,MLKL,Gene
41863805_5,"We propose that MLKL is released from autoinhibition prior to phosphorylation, explaining why phosphomimetic MLKL lacks cytotoxic activity.",16,20,MLKL,Gene
41863805_5,"We propose that MLKL is released from autoinhibition prior to phosphorylation, explaining why phosphomimetic MLKL lacks cytotoxic activity.",109,113,MLKL,Gene
41863805_5,"We propose that MLKL is released from autoinhibition prior to phosphorylation, explaining why phosphomimetic MLKL lacks cytotoxic activity.",120,129,cytotoxic,Disease
41843681_1,The JNK1 and JNK2 pre-mRNAs expressed by hepatocytes exhibit mutually exclusive inclusion of exons 7a or 7b that encode a segment of the substrate binding site that is required for selective protein phosphorylation.,4,8,JNK1,Gene
41843681_1,The JNK1 and JNK2 pre-mRNAs expressed by hepatocytes exhibit mutually exclusive inclusion of exons 7a or 7b that encode a segment of the substrate binding site that is required for selective protein phosphorylation.,13,17,JNK2,Gene
41843681_2,This function of JNK27b is mediated by coordinated mechanisms that independently regulate circadian gene expression and phosphorylation of Retinoid X Receptor α (RXRα) on Ser265.,17,23,JNK27b,Gene
41843681_2,This function of JNK27b is mediated by coordinated mechanisms that independently regulate circadian gene expression and phosphorylation of Retinoid X Receptor α (RXRα) on Ser265.,139,160,Retinoid X Receptor α,Gene
41843681_2,This function of JNK27b is mediated by coordinated mechanisms that independently regulate circadian gene expression and phosphorylation of Retinoid X Receptor α (RXRα) on Ser265.,162,166,RXRα,Gene
41846982_1,"Phosphomimetic mutations of key serines disrupt this stabilization and reduce binding affinity, identifying phosphorylation as a regulatory switch for SERBP1 activity.",151,157,SERBP1,Gene
41871415_1,"In this review, we examine the evidence for tau-related neurodegenerative processes in epilepsy beginning with how changes in biochemical and structural properties of the tau protein can lead to abnormal phosphorylation and pathological aggregation.",44,47,tau,Gene
41871415_1,"In this review, we examine the evidence for tau-related neurodegenerative processes in epilepsy beginning with how changes in biochemical and structural properties of the tau protein can lead to abnormal phosphorylation and pathological aggregation.",87,95,epilepsy,Disease
41871415_1,"In this review, we examine the evidence for tau-related neurodegenerative processes in epilepsy beginning with how changes in biochemical and structural properties of the tau protein can lead to abnormal phosphorylation and pathological aggregation.",171,174,tau,Gene
41865455_1,"Furthermore, USP18 silencing enhances the phosphorylation of key kinases and the upstream regulator TAK1 within the NF-κB signaling pathway in macrophages.",13,18,USP18,Gene
41865455_1,"Furthermore, USP18 silencing enhances the phosphorylation of key kinases and the upstream regulator TAK1 within the NF-κB signaling pathway in macrophages.",100,104,TAK1,Gene
41865455_1,"Furthermore, USP18 silencing enhances the phosphorylation of key kinases and the upstream regulator TAK1 within the NF-κB signaling pathway in macrophages.",116,121,NF-κB,Gene
41865455_2,"USP18 inhibits TAK1 phosphorylation by binding to and deubiquitinating TAK1, thereby suppressing NF-κB pathway activation.",0,5,USP18,Gene
41865455_2,"USP18 inhibits TAK1 phosphorylation by binding to and deubiquitinating TAK1, thereby suppressing NF-κB pathway activation.",15,19,TAK1,Gene
41865455_2,"USP18 inhibits TAK1 phosphorylation by binding to and deubiquitinating TAK1, thereby suppressing NF-κB pathway activation.",71,75,TAK1,Gene
41865455_2,"USP18 inhibits TAK1 phosphorylation by binding to and deubiquitinating TAK1, thereby suppressing NF-κB pathway activation.",97,102,NF-κB,Gene
41858284_1,RESULTS: Both phosphorylated NFκB and STAT3 were obviously elevated in keloid tissues.,29,33,NFκB,Gene
41858284_1,RESULTS: Both phosphorylated NFκB and STAT3 were obviously elevated in keloid tissues.,38,43,STAT3,Gene
41858284_1,RESULTS: Both phosphorylated NFκB and STAT3 were obviously elevated in keloid tissues.,71,77,keloid,Disease
41858284_2,"Mechanistically, DDR1 interacted with ARF6, which promoted the transport of DDR1 to plasma membrane and amplified collagen I-induced DDR1 signaling, then facilitated DDR1 binding to STAT3, leading to STAT3 phosphorylation.",17,21,DDR1,Gene
41858284_2,"Mechanistically, DDR1 interacted with ARF6, which promoted the transport of DDR1 to plasma membrane and amplified collagen I-induced DDR1 signaling, then facilitated DDR1 binding to STAT3, leading to STAT3 phosphorylation.",38,42,ARF6,Gene
41858284_2,"Mechanistically, DDR1 interacted with ARF6, which promoted the transport of DDR1 to plasma membrane and amplified collagen I-induced DDR1 signaling, then facilitated DDR1 binding to STAT3, leading to STAT3 phosphorylation.",76,80,DDR1,Gene
41858284_2,"Mechanistically, DDR1 interacted with ARF6, which promoted the transport of DDR1 to plasma membrane and amplified collagen I-induced DDR1 signaling, then facilitated DDR1 binding to STAT3, leading to STAT3 phosphorylation.",114,124,collagen I,Gene
41858284_2,"Mechanistically, DDR1 interacted with ARF6, which promoted the transport of DDR1 to plasma membrane and amplified collagen I-induced DDR1 signaling, then facilitated DDR1 binding to STAT3, leading to STAT3 phosphorylation.",133,137,DDR1,Gene
41858284_2,"Mechanistically, DDR1 interacted with ARF6, which promoted the transport of DDR1 to plasma membrane and amplified collagen I-induced DDR1 signaling, then facilitated DDR1 binding to STAT3, leading to STAT3 phosphorylation.",166,170,DDR1,Gene
41858284_2,"Mechanistically, DDR1 interacted with ARF6, which promoted the transport of DDR1 to plasma membrane and amplified collagen I-induced DDR1 signaling, then facilitated DDR1 binding to STAT3, leading to STAT3 phosphorylation.",182,187,STAT3,Gene
41858284_2,"Mechanistically, DDR1 interacted with ARF6, which promoted the transport of DDR1 to plasma membrane and amplified collagen I-induced DDR1 signaling, then facilitated DDR1 binding to STAT3, leading to STAT3 phosphorylation.",200,205,STAT3,Gene
41849779_1,"Functionally, CSH-4044 suppressed PIM3-driven BAD phosphorylation in pancreatic cancer cells and reduced DYRK1A-mediated Tau phosphorylation in neuronal cells.",14,22,CSH-4044,Chemical
41849779_1,"Functionally, CSH-4044 suppressed PIM3-driven BAD phosphorylation in pancreatic cancer cells and reduced DYRK1A-mediated Tau phosphorylation in neuronal cells.",34,38,PIM3,Gene
41849779_1,"Functionally, CSH-4044 suppressed PIM3-driven BAD phosphorylation in pancreatic cancer cells and reduced DYRK1A-mediated Tau phosphorylation in neuronal cells.",46,49,BAD,Gene
41849779_1,"Functionally, CSH-4044 suppressed PIM3-driven BAD phosphorylation in pancreatic cancer cells and reduced DYRK1A-mediated Tau phosphorylation in neuronal cells.",69,86,pancreatic cancer,Disease
41849779_1,"Functionally, CSH-4044 suppressed PIM3-driven BAD phosphorylation in pancreatic cancer cells and reduced DYRK1A-mediated Tau phosphorylation in neuronal cells.",105,111,DYRK1A,Gene
41849779_1,"Functionally, CSH-4044 suppressed PIM3-driven BAD phosphorylation in pancreatic cancer cells and reduced DYRK1A-mediated Tau phosphorylation in neuronal cells.",121,124,Tau,Gene
41876450_1,"Mechanistically, AKT1 phosphorylates PRMT7 at threonine 73 (T73) and promotes its activity to stabilize GLUD1 by increasing its methylation and reducing ubiquitination.",17,21,AKT1,Gene
41876450_1,"Mechanistically, AKT1 phosphorylates PRMT7 at threonine 73 (T73) and promotes its activity to stabilize GLUD1 by increasing its methylation and reducing ubiquitination.",37,42,PRMT7,Gene
41876450_1,"Mechanistically, AKT1 phosphorylates PRMT7 at threonine 73 (T73) and promotes its activity to stabilize GLUD1 by increasing its methylation and reducing ubiquitination.",56,58,73,Variant
41876450_1,"Mechanistically, AKT1 phosphorylates PRMT7 at threonine 73 (T73) and promotes its activity to stabilize GLUD1 by increasing its methylation and reducing ubiquitination.",104,109,GLUD1,Gene
41858765_1,"In addition, the levels of phosphorylated (p)-p65 and p-IκBα, which are NF-κB pathway-associated proteins, were markedly decreased after 24 h of SPD treatment.",46,49,p65,Gene
41858765_1,"In addition, the levels of phosphorylated (p)-p65 and p-IκBα, which are NF-κB pathway-associated proteins, were markedly decreased after 24 h of SPD treatment.",56,60,IκBα,Gene
41858765_1,"In addition, the levels of phosphorylated (p)-p65 and p-IκBα, which are NF-κB pathway-associated proteins, were markedly decreased after 24 h of SPD treatment.",72,77,NF-κB,Gene
41858765_1,"In addition, the levels of phosphorylated (p)-p65 and p-IκBα, which are NF-κB pathway-associated proteins, were markedly decreased after 24 h of SPD treatment.",145,148,SPD,Chemical
41860659_1,"Through integrated multiomics analysis, we identified 38 ARHL core-associated candidate genes that are predominantly enriched in pathways such as NF-κB signaling, antigen presentation, and oxidative phosphorylation.",57,61,ARHL,Gene
41860659_1,"Through integrated multiomics analysis, we identified 38 ARHL core-associated candidate genes that are predominantly enriched in pathways such as NF-κB signaling, antigen presentation, and oxidative phosphorylation.",146,151,NF-κB,Gene
41860465_1,"Further, we found that AKT can phosphorylate threonine 277 adjacent to the NLS in FDXR and subsequently enhances its nuclear translocation.",23,26,AKT,Gene
41860465_1,"Further, we found that AKT can phosphorylate threonine 277 adjacent to the NLS in FDXR and subsequently enhances its nuclear translocation.",82,86,FDXR,Gene
41860465_2,"Together, our data provide evidence that the mitochondrial FDXR can be translocated to the nucleus, which is regulated by AKT-mediated phosphorylation, especially in response to cellular stress.",59,63,FDXR,Gene
41860465_2,"Together, our data provide evidence that the mitochondrial FDXR can be translocated to the nucleus, which is regulated by AKT-mediated phosphorylation, especially in response to cellular stress.",122,125,AKT,Gene
41855861_1,"Mechanistically, curcumin inhibited the NF-κB signaling cascade, specifically through attenuated phosphorylation of p65 and IκBα, which restrained osteoclastogenesis.",17,25,curcumin,Chemical
41855861_1,"Mechanistically, curcumin inhibited the NF-κB signaling cascade, specifically through attenuated phosphorylation of p65 and IκBα, which restrained osteoclastogenesis.",40,45,NF-κB,Gene
41855861_1,"Mechanistically, curcumin inhibited the NF-κB signaling cascade, specifically through attenuated phosphorylation of p65 and IκBα, which restrained osteoclastogenesis.",116,119,p65,Gene
41855861_1,"Mechanistically, curcumin inhibited the NF-κB signaling cascade, specifically through attenuated phosphorylation of p65 and IκBα, which restrained osteoclastogenesis.",124,128,IκBα,Gene
