pmid,title,chunk_id,token_count,text
41866640,Is Alzheimer's an Autoimmune Disease?,1,56,It should be noted that our use of the descriptor hyperphosphorylated tau is done to conform with current nomenclature; it should not be construed as indicating saturation of all the amino acids capable of being phosphorylated.
41862476,Single-cell multiomics uncovers an endothelial mechanosensitive PIEZO1-IL-33 axis driving pulmonary fibrosis.,1,51,"Mechanistically, PIEZO1 activation promotes pulmonary fibrosis development via CAPN2-mediated STAT3 phosphorylation, which may regulate the secretion of the pro-fibrotic molecule interleukin-33."
41862458,A cell cycle-dependent transition of acetylation to phosphorylation regulates timely centrosome maturation.,1,54,"Here, we find that the ubiquitin E3 ligase RNF40 localizes to centrosomes and is phosphorylated by CDK1 on T529/T557 in the G2/M phases."
41862458,A cell cycle-dependent transition of acetylation to phosphorylation regulates timely centrosome maturation.,2,57,"This phosphorylation primes its binding to PLK1 and promotes timely PLK1 recruitment and centrosome maturation, establishing the CDK1-RNF40-PLK1 cascade as a mechanism controlling centrosome maturation."
41862458,A cell cycle-dependent transition of acetylation to phosphorylation regulates timely centrosome maturation.,3,64,"We also find that RNF40 is acetylated in interphase and undergoes an acetylation-to-phosphorylation transition in late G2 and M phases, which permits timely activation of the CDK1-RNF40-PLK1 cascade."
41862458,A cell cycle-dependent transition of acetylation to phosphorylation regulates timely centrosome maturation.,4,55,"Constitutive RNF40 acetylation or deficient RNF40 phosphorylation impairs PLK1 localization, microtubule nucleation, and bipolar spindle assembly, causing mitotic catastrophe."
41862462,Multi-omic identification of key transcriptional regulatory programs during endurance exercise training in rats.,1,63,"We conduct an integrated analysis of chromatin accessibility, DNA methylation, mRNA expression, protein abundance and phosphorylation across eight tissues in fifty rats of equally represented sexes following endurance exercise training to identify coordinated epigenomic and transcriptional changes and determine key transcription factors involved."
41852029,On the Mechanism of Ezrin Activation.,1,79,"The formation of this membrane-actin linkage has been experimentally shown to require ezrin N-terminal (FERM) domain binding to PI(4,5)P2 phospholipid-enriched membrane sites and the phosphorylation of the ezrin C-terminal domain (CTD) at residue T567."
41852029,On the Mechanism of Ezrin Activation.,2,40,"Collectively, membrane association and T567 phosphorylation are believed to promote separation of the FERM and CTD domains; however, the underlying molecular mechanism remains less clear."
41852029,On the Mechanism of Ezrin Activation.,3,42,We also show that the FERM-CTD reassociation after ezrin T567 phosphorylation is impeded due to reduced dissociation energy barrier.
41852165,Mitochondrial Adaptations in Skeletal Muscle Following Incretin-Based Therapies: In Vitro.,1,59,"Mitochondrial respiration was assessed using the Seahorse XFp analyser, mitochondrial DNA (mtDNA) copy number and oxidative phosphorylation (OXPHOS) complex protein expression were measured by qPCR and western blotting."
41861599,Trem1 regulates neutrophil metabolism and recruitment in lung ischemia-reperfusion injury.,1,47,Multi-omics analysis revealed that Trem1 deletion suppressed oxidative phosphorylation (OXPHOS) and induced a metabolic shift in neutrophils toward glycolysis.
41864848,T-loop dynamics: telomere structure shapes cell fate decisions.,1,46,"This mitotic arrest-dependent telomere deprotection promotes mitotic death, requires Aurora B kinase-dependent shelterin phosphorylation and the BTR complex, and is opposed by WRN."
41855862,An overview of NF-κB-independent functions of IKK subunits.,1,32,"Its canonical function is to phosphorylate IκB proteins, thereby promoting the nuclear translocation and transcriptional activation of NF-κB."
41855862,An overview of NF-κB-independent functions of IKK subunits.,2,57,"This functional versatility is precisely governed by stimulus strength/duration, subcellular compartmentalization, scaffold protein usage, and differential substrate phosphorylation thresholds, which enable the same core kinase machinery to robustly control seemingly contradictory signaling outputs."
41850541,TAOK3 promotes ccRCC progression by phosphorylating ASAP2.,1,63,"Mass spectrometry coupled with phosphosite prediction analysis identified four serine residues (S701, S712, S722, and S728) on ASAP2 as phosphorylation targets of putative phosphorylation sites mediated by TAOK3."
41850541,TAOK3 promotes ccRCC progression by phosphorylating ASAP2.,2,42,These phosphorylation events were further by co-immunoprecipitation and were essential for the pro-metastatic activity of the TAOK3-ASAP2 signaling axis.
41850541,TAOK3 promotes ccRCC progression by phosphorylating ASAP2.,3,53,"Collectively, these findings reveal a previously unrecognized TAOK3-dependent phosphorylation mechanism that drives ccRCC progression, and identify the TAOK3-ASAP2 axis as a promising therapeutic target for metastatic ccRCC."
41864544,HADHA in Cardiovascular Disease: From Mitochondrial Dysfunction to Therapeutic Targets.,1,44,"HADHA dysfunction disrupts energy balance by causing toxic metabolite buildup, impairing oxidative phosphorylation, and aberrant cardiolipin remodeling."
41856254,"Tau phosphorylation homeostasis: Mechanisms, targets, and therapeutic implications in Alzheimer's disease.",1,41,"Neurofibrillary tangles, composed of excessively phosphorylated tau, are a core neuropathological hallmark of Alzheimer's disease (AD)."
41856254,"Tau phosphorylation homeostasis: Mechanisms, targets, and therapeutic implications in Alzheimer's disease.",2,47,"However, therapeutic strategies aimed at directly clearing neurofibrillary tangles have demonstrated limited clinical efficacy, shifting the research focus towards the fundamental underlying mechanism- the dysregulation of tau phosphorylation."
41856254,"Tau phosphorylation homeostasis: Mechanisms, targets, and therapeutic implications in Alzheimer's disease.",3,47,"Evidence indicates that tau physiological phosphorylation is indispensable for microtubule stability and normal neuronal function, while its aberrant hyperphosphorylation drives neurodegeneration."
41856254,"Tau phosphorylation homeostasis: Mechanisms, targets, and therapeutic implications in Alzheimer's disease.",4,31,"Consequently, restoring tau phosphorylation homeostasis, rather than merely eliminating the pathological protein, has emerged as a promising therapeutic paradigm."
41856254,"Tau phosphorylation homeostasis: Mechanisms, targets, and therapeutic implications in Alzheimer's disease.",5,32,"This review systematically delineates the physiological functions and pathological mechanisms of tau phosphorylation, highlighting its central role in AD pathogenesis."
41856254,"Tau phosphorylation homeostasis: Mechanisms, targets, and therapeutic implications in Alzheimer's disease.",6,40,"We summarize recent advances in drug development targeting key kinases and phosphatases, and discuss the diagnostic value and application prospects of tau phosphorylation biomarkers."
41869306,"Immunometabolism in rheumatoid arthritis: mechanisms, biomarkers, and the path to precision medicine.",1,46,"To sustain inflammation and tissue damage, pathogenic immune and stromal cells undergo specific metabolic reprogramming that alters glycolysis, oxidative phosphorylation, and lipid metabolism."
41862111,Micropatterning transcriptionally and phenotypically reprograms endothelial cells.,1,73,"The biomaterial micropatterning-modulated elongated and aligned morphology promoted an anti-inflammatory transcriptome, reduced pro-inflammatory chemokine secretion, and induced the transcription coregulator yes-associated protein (YAP) phosphorylation, supporting the anti-immunogenic properties of endothelial cells."
41862111,Micropatterning transcriptionally and phenotypically reprograms endothelial cells.,2,51,The ability of micropatterned endothelial cells to maintain their anti-immunogenic functions under pro-inflammatory conditions was demonstrated by the increased phosphorylation of YAP and decrease in pro-inflammatory IL-8 release.
41895230,Pseudokinases in neurodevelopment and disease.,1,35,Pseudokinases are enigmatic proteins that evolved such that they retained the evolutionarily conserved kinase-like fold but lost key residues required for substrate phosphorylation.
41895230,Pseudokinases in neurodevelopment and disease.,2,39,"SIGNIFICANCE STATEMENT: Pseudokinases are understudied proteins that lack the catalytic ability to mediate phosphorylation, yet, they perform extraordinary and physiologically essential signaling functions."
41847111,Promotion of breast cancer by the DNPH1 enzyme.,1,38,"This was accompanied by increased AMP-activated protein kinase activity and phosphorylation of YAP1, implying tapered activity of the YAP1 oncoprotein."
41847664,"Discovery of dihydrospiro[cyclopropane-1,7'-pyrrolo[3,4-",1,39,"In vitro, 10h demonstrated potent anti-tumor activity and effectively inhibited niraparib-induced CHK1 phosphorylation in Granta-519."
41854818,Unveiling the multifaceted roles of BCL3: biological functions and disease implications.,1,22,"This complex functionality is finely modulated by post-translational modifications, particularly phosphorylation."
41864233,Integration of plasma eMTBR-tau243 and p-tau217 in the diagnosis and stratification of Alzheimer's disease: a prospective cohort study.,1,57,"Using mass spectrometry techniques, plasma p-tau217 was measured as a ratio to a non-phosphorylated peptide (%p-tau217), and eMTBR-tau243 was measured as a concentration."
41865688,Yifei Sanjie pill combined with gefitinib reduces the progression of EGFR-TKIs-resistant non-small cell lung cancer via YAP/ANKRD1 axis.,1,69,"YFSJ combined with gefitinib treatment inhibits EGFR and Erk1/2 phosphorylation, promoting YAP1 phosphorylation, inhibits AKT phosphorylation and downstream ANKRD1 expression, ultimately suppressing cell proliferation and promoting apoptosis."
41876639,Glycosylation as a dynamic regulator of RLR and cGAS-STING innate immune signalling pathways.,1,76,"We further discuss crosstalk between glycosylation, ubiquitination, and phosphorylation, metabolic regulation of UDP-GlcNAc flux, and pathogen- or tumor-driven glycosylation reprogramming, highlighting glycosylation enzymes as potential immunomodulatory targets."
41886288,Elemental Sulfur/Base/Water: An Efficient System for the Synthesis of 2-Phosphoryl-Substituted Benzazoles via a Willgerodt-Kindler-Type Reaction.,1,63,We report an elemental sulfur/base/water system enabling the synthesis of 2-phosphorylbenzazoles via a Willgerodt-Kindler-type reaction of o-hydroxy/amino/mercaptoanilines with substituted phosphorylmethanes.
41882025,Solubility based mechanistic profiling of combinatorial drug therapy.,1,35,"Post-translational modification analysis revealed combination-induced acetylation, methylation, and phosphorylation of key AML proteins, including NPM1."
41842946,A HHEX/IKKα positive feedback loop promotes intestinal inflammation.,1,73,"Mechanistically, IKKα phosphorylates HHEX at S213 to stabilize HHEX in response to TNF-α by inhibiting the interaction of HHEX with the E3 ubiquitin ligase MID2 and subsequent K48-linked ubiquitination and protein degradation."
41868124,Pyrimidine nucleoside: inspiration for novel antimicrobial agent.,1,47,"As prodrugs, these derivatives require intracellular enzymatic phosphorylation to form active metabolites that inhibit nucleic acid synthesis, and their efficacy is dependent on intracellular enzyme levels and activity."
41889763,HP(O)Ph,1,49,"The roles of H-phosphoryl compounds [HP-(O)-R'R″] in various transformations remain insufficiently elucidated, particularly concerning their contributions to facilitating the conversion of inert chemical bonds."
41889763,HP(O)Ph,2,75,"Notably, H-phosphoryl compounds, especially the commercially available, bench-stable, and inexpensive HP-(O)-Ph2 used in this study, were discovered for the first time to function as both a defluorinative surrogate and an H-reagent, displaying unconventional HDF reactivity with the assistance of water."
41887981,Mitochondrial NADP(H) integrates redox and metabolism.,1,52,"Loss of the mitochondrial NAD kinase, which phosphorylates NAD(H) to generate mitochondrial NADP(H), disrupts NADP(H)-dependent pathways that sustain oxidative metabolism and systemic energy balance."
41858737,Mitochondrial metabolism in cancer stem cells (CSCs): molecular and diagnostic implications.,1,47,"While bulk tumor cells are often dependent on glycolysis, CSCs demonstrate metabolic plasticity can switch between glycolysis and OXPHOS (oxidative phosphorylation) depending on context."
41849049,CaMKII as a Multimodal Signalling Hub in Neural Connectivity and Vulnerability.,1,41,"Classical models cast CaMKII as a Ca2+/calmodulin-activated kinase that, once phosphorylated, persists autonomously to encode synaptic memory."
41868506,Regulatory networks and molecular mechanisms underlying salt stress tolerance in rice.,1,43,Rice senses salinity using receptor-like kinases and Ca2+-dependent signaling pathway but the initial stages of the response and down-stream phosphorylation cascades have not been characterized well.
41863615,Exercise and CD8,1,45,"Concurrently, exercise improves metabolic adaptation and sustains antitumor effects via metabolic reprogramming, which involves enhancing mitochondrial oxidative phosphorylation and increasing lactate-mediated stemness."
41861913,A review of peroxisome biology: Potential implications for cardiac physiology and pathology.,1,101,"While metabolic alterations and substrate utilization inflexibility have been well studied and are considered hallmarks of heart failure pathogenesis, the overwhelming majority of these investigations have focused on the health and function of the mitochondria in cardiac myocytes; for good reason given the mitochondria is the location of oxidative phosphorylation complexes that, although debated, can form respiratory super complexes to generate ATP in conjunction with the electron transport chain and TCA cycle."
41868184,Advances and Therapeutic Potential of Anthraquinone Compounds in Neurodegenerative Diseases: A Comprehensive Review.,1,86,"Furthermore, anthraquinones inhibit pyroptosis, apoptosis, tau phosphorylation, Aβ/α-synuclein aggregation, and acetylcholinesterase activity, while restoring metal homeostasis, activating estrogen receptors, modulating gut microbiota, increasing BDNF levels, and preserving blood-brain barrier permeability."
41862620,Balancing inflammation and regeneration: immune cell dynamics in nerve repair: a comprehensive review.,1,54,"METHOD: Relevant literature on immune responses and metabolic regulation in nerve injury wasanalyzed to explore how shifts between glycolysis, oxidative phosphorylation, and fatty acidoxidation govern the balance between inflammatory and reparative states."
41868147,Mitochondrial stress as a conceptual interface between bacterial infection and post-infectious metabolic disease.,1,46,"This stress encompasses alterations in oxidative phosphorylation, mitochondrial dynamics, calcium handling, reactive oxygen species (ROS) production, and activation or disruption of mitochondrial quality control pathways such as mitophagy."
41848587,Proteomics in tissue regeneration: insights into protein alterations and post-translational modifications during healing.,1,72,"High-throughput proteomic technologies, including mass spectrometry, quantitative labeling approaches, and spatial/single-cell analyses, enable the identification of phase-specific protein signatures and PTMs such as phosphorylation, glycosylation, ubiquitination, acetylation, and redox modifications."
41873355,Dual Regulation of Post-Translational Modification of Proteins: Bottlenecks and Breakthroughs in NK Cell Therapy for Glioblastoma.,1,96,"This review summarizes seven key PTMs' (phosphorylation, acetylation, glycosylation, methylation, ubiquitination, SUMOylation, lactylation) dual regulation on NK cell therapy: physiological PTMs enhance NK cytotoxicity, targeting, and persistence; aberrant PTMs block NK activation, induce exhaustion, and promote GBM immune escape."
41846138,Microcystin-LR-induced phosphorylation imbalance and organelle stress: An integrative review of autophagy dysregulation and cross-species toxicity.,1,55,"The established molecular initiating event of MC-LR toxicity is the inhibition of serine/threonine protein phosphatases (PP1 and PP2), leading to widespread phosphorylation imbalance and cellular stress."
41846138,Microcystin-LR-induced phosphorylation imbalance and organelle stress: An integrative review of autophagy dysregulation and cross-species toxicity.,2,52,This review critically analyzes recent mechanistic findings and cross-species evidence to contextualize autophagy dysregulation within a broader framework of phosphorylation imbalance and organelle stress in MC-LR toxicity.
41854733,Therapeutic Potential of Somatostatin and Its Analogues in Alzheimer's Disease: From Molecular Mechanisms to Preclinical Studies.,1,56,"Somatostatin receptors (SSTR1-5) are widely expressed in cognition-related brain regions and participate in amyloid-β metabolism, tau phosphorylation, neuroinflammation, and synaptic plasticity."
41844234,A CDCA2-MYC positive feedback loop controls cancer cells survival.,1,25,"MYC is regulated at multiple levels, and its stability and activity are modulated by protein phosphorylation."
41869562,Loss of Ezh2 promotes M2-like macrophage polarization in hepatocellular carcinoma.,1,37,"Furthermore, phosphorylated STAT3 levels positively correlated with the M2 marker ArgI, and both were further increased in the absence of Ezh2."
41855256,A CHKA-PML autophagy checkpoint enables tumors to evade glutamine starvation.,1,37,"CHKA phosphorylates promyelocytic leukemia (PML) at tyrosine 339, promoting its cytoplasmic localization."
41849441,QCM-D Elucidation of Fibrinogen Adsorption States on Blood-Compatible Polymer Surfaces.,1,144,"To quantitatively evaluate differences in antithrombogenicity, poly(butyl methacrylate) (PBMA), poly(2-methoxyethyl acrylate) (PMEA), and poly(2-methacryloyloxyethyl phosphorylcholine-co-n-butyl methacrylate) (P(MPC-co-BMA)) were spin-coated on gold QCM-D (Quartz Crystal Microbalance with Dissipation) sensors, and the adsorption behaviors of fibrinogen (Fg) on these polymer surfaces was analyzed."
41887949,Induced proximity for dephosphorylation.,1,29,This strategy enables context-dependent reprogramming of pathological phosphorylation with improved mechanistic and pathway specificity.
41852131,Marine-Derived Chitosan Oligosaccharides and Their Derivatives: A New Hope for Alzheimer's Prevention and Treatment - A Critical Review.,1,69,"COS is of great significance in the prevention and treatment of AD; the main mechanisms of action include inhibiting acetylcholinesterase and beta-secretase activity, preventing abnormal phosphorylation of tau protein, chelating copper ions, protecting neuronal cells, and exhibiting antioxidant effects."
41867854,Exercise modulation of the alternative splicing landscape in human tissues.,1,56,"In skeletal muscle, where DAS events were the most abundant, DAS genes were enriched for muscle structure- and RNA splicing-related processes, and splicing machinery components were regulated at the protein phosphorylation, RNA, and AS levels."
41880487,Microtubules guide Aurora B substrate geometries for accurate chromosome segregation.,1,23,How microtubules simultaneously up- and down-regulate Aurora B phosphorylation remains unclear.
41880487,Microtubules guide Aurora B substrate geometries for accurate chromosome segregation.,2,70,"Devising a new cryo-electron microscopy workflow, we determined microtubule-bound structures of the CPC and key Aurora B substrates that resolve their phosphorylation sites, finding that microtubules can promote or restrict Aurora B-mediated phosphorylation depending upon binding geometry."
41880487,Microtubules guide Aurora B substrate geometries for accurate chromosome segregation.,3,48,"The kinetochore Ndc80 complex oligomerizes on microtubules through multivalent interactions including its kinase recognition sites, sterically restricting kinase access to counteract phosphorylation-induced detachment."
41880487,Microtubules guide Aurora B substrate geometries for accurate chromosome segregation.,4,67,"Conversely, Aurora B recognition sites of the microtubule-depolymerase mitotic centromere-associated kinesin (MCAK) remain accessible on microtubules, explaining how microtubule-bound CPC can promote MCAK phosphorylation and inactivation."
41880487,Microtubules guide Aurora B substrate geometries for accurate chromosome segregation.,5,46,"We propose that microtubule-guided substrate remodeling can serve as a general mechanism for controlling Aurora B-mediated phosphorylation during mitosis, which can coordinate diverse processes underlying faithful chromosome segregation."
41862769,Bazedoxifene reverses sexually dimorphic autistic-like abnormalities in biallelic MDGA1-mutant mice.,1,73,"Bazedoxifene (a selective estrogen receptor modulator) treatment of male Mdga1Y636C/E751Q KI mice rescues the changes in the expression and phosphorylation of a subset of GABAergic synaptic proteins, as well as behavioral performance and GABAergic synaptic strength."
41869290,NRF2 Deficiency Disrupts Mitochondrial Homeostasis via NDUFS7 in Trabecular Meshwork.,1,38,The results of the gene set enrichment analysis (GSEA) indicated enrichment of oxidative phosphorylation pathway in NRF2-deficient cells.
41857027,Structural basis of the cyclin Y/14-3-3 protein-mediated activation of CDK16.,1,46,"Unlike other CDKs, CDK16 is regulated by an unclear mechanism involving phosphorylated cyclin Y (CCNY) in complex with 14-3-3 proteins rather than CCNY alone."
41851502,The WNK-OXSR1 osmosensing pathway mediates intestinal regeneration via Hippo-YAP signaling.,1,61,"Mechanistically, OXSR1 phosphorylates the RhoB GTPase at threonine 37 upon intestinal injury, thereby disrupting its interaction with ARHGAP17 and increasing the levels of GTP-bound RhoB."
41844585,Evaluating the potential of acupuncture for Alzheimer's disease treatment: A meta-analysis and systematic review of mouse model studies.,1,61,"Our results reveal that EA significantly reduces both amyloid-beta (Aβ) and phosphorylated tau (p-tau) levels and neuroinflammatory biomarkers, including molecular signatures for activated microglia and astrocytes in the brain."
41869559,Panx1 deficiency exacerbates GAN diet-induced obesity by destabilizing β-catenin via GSK3β.,1,42,"Mechanistically, Panx1 deficiency leads to reduced non-phosphorylated β-catenin levels and its downstream targets, indicating impaired Wnt/β-catenin signaling."
41844616,Phosphoregulation of the novel hemi-arrestin MAPK scaffold Sms1 prevents untimely mating.,1,42,"Phosphorylation, including by the MAPK itself, antagonises Sms1 membrane translocation, establishing a negative feedback that underlies polarity patch turnover and prevents untimely mating attempts."
41863805,Autoinhibitory control of MLKL governs pseudokinase domain phosphorylation and oligomerization during necroptosis.,1,51,"Previous studies have identified key steps during necroptosis, which are believed to be coupled: MLKL phosphorylation by RIPK3, release of N-terminal autoinhibition, and MLKL oligomerization."
41863805,Autoinhibitory control of MLKL governs pseudokinase domain phosphorylation and oligomerization during necroptosis.,2,42,"Here, we employ five different pharmacological, biological, and genetic methods to demonstrate that inhibiting the MLKL N terminus prevents both phosphorylation and oligomerization."
41863805,Autoinhibitory control of MLKL governs pseudokinase domain phosphorylation and oligomerization during necroptosis.,3,44,"Conversely, loss of interaction between the N-terminal four-helical bundle and brace domains demonstrates basal MLKL phosphorylation, even in the absence of necroptotic stimuli."
41863805,Autoinhibitory control of MLKL governs pseudokinase domain phosphorylation and oligomerization during necroptosis.,4,28,"Moreover, we show that MLKL phosphorylation is not necessary for maintaining MLKL oligomer stability."
41863805,Autoinhibitory control of MLKL governs pseudokinase domain phosphorylation and oligomerization during necroptosis.,5,39,"We propose that MLKL is released from autoinhibition prior to phosphorylation, explaining why phosphomimetic MLKL lacks cytotoxic activity."
41843681,Mutually exclusive alternative pre-mRNA splicing promotes adaptive metabolic stress signaling by JNK.,1,54,The JNK1 and JNK2 pre-mRNAs expressed by hepatocytes exhibit mutually exclusive inclusion of exons 7a or 7b that encode a segment of the substrate binding site that is required for selective protein phosphorylation.
41843681,Mutually exclusive alternative pre-mRNA splicing promotes adaptive metabolic stress signaling by JNK.,2,44,This function of JNK27b is mediated by coordinated mechanisms that independently regulate circadian gene expression and phosphorylation of Retinoid X Receptor α (RXRα) on Ser265.
41846982,Intrinsically disordered SERBP1 regulates translation through topology-driven G-quadruplex recognition.,1,38,"Phosphomimetic mutations of key serines disrupt this stabilization and reduce binding affinity, identifying phosphorylation as a regulatory switch for SERBP1 activity."
41871415,Tau pathology in epilepsy: emerging mechanisms and translational opportunities.,1,54,"In this review, we examine the evidence for tau-related neurodegenerative processes in epilepsy beginning with how changes in biochemical and structural properties of the tau protein can lead to abnormal phosphorylation and pathological aggregation."
41865455,USP18 ameliorates atherosclerosis through inhibiting the activation of TAK1.,1,43,"Furthermore, USP18 silencing enhances the phosphorylation of key kinases and the upstream regulator TAK1 within the NF-κB signaling pathway in macrophages."
41865455,USP18 ameliorates atherosclerosis through inhibiting the activation of TAK1.,2,38,"USP18 inhibits TAK1 phosphorylation by binding to and deubiquitinating TAK1, thereby suppressing NF-κB pathway activation."
41858284,Collagen I-DDR1 signaling promotes inflammation development during keloid formation.,1,25,RESULTS: Both phosphorylated NFκB and STAT3 were obviously elevated in keloid tissues.
41858284,Collagen I-DDR1 signaling promotes inflammation development during keloid formation.,2,62,"Mechanistically, DDR1 interacted with ARF6, which promoted the transport of DDR1 to plasma membrane and amplified collagen I-induced DDR1 signaling, then facilitated DDR1 binding to STAT3, leading to STAT3 phosphorylation."
41849779,Identification and Validation of an Inhibitor of the Protein Kinases PIM and DYRK.,1,48,"Functionally, CSH-4044 suppressed PIM3-driven BAD phosphorylation in pancreatic cancer cells and reduced DYRK1A-mediated Tau phosphorylation in neuronal cells."
41874349,Modulation of Alveolar Macrophages by Sex as a Biological Variable.,1,21,"Conversely, male AMs showed little change in oxidative phosphorylation."
41876450,AKT1 phosphorylates PRMT7 to promote GLUD1 methylation and gastric cancer progression.,1,53,"Mechanistically, AKT1 phosphorylates PRMT7 at threonine 73 (T73) and promotes its activity to stabilize GLUD1 by increasing its methylation and reducing ubiquitination."
41858765,Inhibitory effects of spermidine on lipopolysaccharide-induced inflammation in RAW 264.7 cells.,1,50,"In addition, the levels of phosphorylated (p)-p65 and p-IκBα, which are NF-κB pathway-associated proteins, were markedly decreased after 24 h of SPD treatment."
41860659,Multi-omics and mendelian randomization uncover microbial-metabolite-gene interactions in age-related hearing loss.,1,50,"Through integrated multiomics analysis, we identified 38 ARHL core-associated candidate genes that are predominantly enriched in pathways such as NF-κB signaling, antigen presentation, and oxidative phosphorylation."
41860465,Nuclear Translocation of Mitochondrial Ferredoxin Reductase Is Regulated by AKT-Mediated Phosphorylation.,1,38,"Further, we found that AKT can phosphorylate threonine 277 adjacent to the NLS in FDXR and subsequently enhances its nuclear translocation."
41860465,Nuclear Translocation of Mitochondrial Ferredoxin Reductase Is Regulated by AKT-Mediated Phosphorylation.,2,43,"Together, our data provide evidence that the mitochondrial FDXR can be translocated to the nucleus, which is regulated by AKT-mediated phosphorylation, especially in response to cellular stress."
41855861,Curcumin attenuates hindlimb unloading-induced bone loss by suppressing NF-κB-mediated osteoclast activation.,1,51,"Mechanistically, curcumin inhibited the NF-κB signaling cascade, specifically through attenuated phosphorylation of p65 and IκBα, which restrained osteoclastogenesis."
41876647,LRRK2-targeting antisense oligonucleotide in Parkinson's disease: a phase 1 randomized controlled trial.,1,51,"Cerebrospinal fluid (CSF) LRRK2 and phosphorylated Rab10 levels were lowered by up to 59% and up to 50%, respectively, irrespective of LRRK2 variant status."
41867847,Activation of TPC2 amplifies lysosome-mitochondria calcium transfer to regulate energetic stress responses.,1,43,"Moderate TPC2 activation transiently enhances oxidative phosphorylation, whereas sustained enhancement increases susceptibility to Ca 2+ -induced mitochondrial permeability transition."
41847846,Sprouty2 modulates NF-κB signaling by sequestering the phosphatase PP2Ac in LPS-stimulated macrophages.,1,37,"Mechanistically, we show that upon LPS stimulation, Spry2 is serine phosphorylated and associated with the phosphatase PP2Ac."
41850723,Huntingtin (HTT) interactome in regulation of DNA repair/remodeling and RNA processing pathways.,1,34,"We found that S1181 phosphorylation of HTT is regulated by DSB, and can be carried out by DNA-PK."
