text,sourcedb,sourceid
"The best characterized ligands for the AhR include halogenated aromatic hydrocarbons (HAHs), such as the polychlorinated dibenzo-p-dioxins, dibenzofurans, and biphenyls, and polycyclic aromatic hydrocarbons (PAHs). HAHs, such as 2,3,7,8-tetrachlorodibenzo-p-dioxin (TCDD, dioxin) generally have the highest affinities for the AhR",PubMed,31337850
" The IGFBPs bind IGF-I and IGF-II in the circulation to prolong their half-lives and modulate tissue access, thereby controlling IGF function.",PubMed,33962049
"Schutz et al. found a 4-12-fold and 100-fold increase in the kinetic off-rate and affinity for the binding of T cell receptor (TCR) and peptide major histocompatibility complex (pMHC),",PubMed,37240408
"For CB1 we also modeled the whole N-terminal part and we have simulated the entrance of two agonists, anandamide and Delta9-THC, into the structure of CB1. For the S1P1 receptor, the SMD simulations of ligand pulling were performed for two agonists of that receptor, sphingosine-1-phosphate (S1P) and fingolimod-(S)-phosphate ((S)-FTY720-P). For the LPA1 receptor, the similar SMD simulations were performed for lysophosphatidic acid, which is the endogenous agonist of that receptor.",PubMed,32326322
"build a structural model of the NPY-Y5 R complex guided by the experimental data... further show that the other two natural ligands of Y5 R, peptide YY (PYY) and pancreatic polypeptide (PP) dock to the receptor in a similar pose.",PubMed,34822209
"Here we describe a fast, high-throughput FP assay to quantify the binding of fluorescently labeled inositol 1,4,5-trisphosphate (IP3) to N-terminal fragments of the IP3 receptor",PubMed,31773574
"It is regulated by the TR native ligand triiodothyronine (T3), which displays anticooperative behavior to the RXR ligand 9-cis retinoic acid (9C).",PubMed,33450664
"From the simulations, both the agonist progesterone (P4) and the selective PR modulator (SPRM) asoprisnil induces agonistic-like helix 12 conformations (the ""closed"" states) in PR LBD",PubMed,31134186
"The most potent and selective ligands being 8c (ICI 118,551-Gly-Ala-BODIPY-FL-X; beta2AR pKD 7.48), 9c (ICI 118,551-betaAla-betaAla-BODIPY-FL-X; beta2AR pKD 7.48), 12a (ICI 118,551-PEG-BODIPY-X-630/650; beta2AR pKD 7.56), and 12b (ICI 118,551-PEG-BODIPY-FL; beta2AR pKD 7.42)",PubMed,34003582
"Functionalized gamma-butyrolactone and oxazolidinone-based ligands, in particular, are pharmacologically important scaffolds in drug discovery research and have been thoroughly examined for sigma2 receptor efficacy.",PubMed,35919619
Melatonin receptors (MT1 and MT2 in humans) are family A G protein-coupled receptors that respond to the neurohormone melatonin to regulate circadian rhythm and sleep.,PubMed,35075127
We combined supervised molecular dynamics (SuMD) and classic molecular dynamics (cMD) simulations to study the binding of the calcitonin gene-related peptide (CGRP) to the CGRP receptor (CGRPR).,PubMed,34513925
"Guided by crystal structures of our lead compound JH112 and the approved hypnotic drug suvorexant bound to OX1R and OX2R, respectively,",PubMed,38964170
"Galanin regulate its physiologic and pathologic functions by interacting with three G-protein coupled receptors; GalR1, GalR2 and GalR3.",PubMed,34632940
"Chemerin, a mediator of innate immunity, mainly acts on chemokine-like receptor 1 (CMKLR1) to induce the migration of macrophages and dendritic cells.",PubMed,34241650
we present the establishment of a homogeneous live cell-based BRET binding assay for the histamine H2 receptor with different fluorescently labeled squaramide-type compounds synthesized in the course of this study. Py-1-labeled ligand 8 (UR-KAT478) was found to be most suitable in BRET saturation binding experiments with respect to receptor affinity,PubMed,32764682
The kinetics of binding of tri-N-acetylglucosamine (NAG3) to hen egg-white lysozyme (HEWL) was investigated previously by several groups,PubMed,34546051
"eported values of the dissociation constants (KD) for the binding of galectin-3 to galactose-beta1,4-glucose (lactose), for example, range from 16 to 860 muM...reported KD of methyl-(Gal-beta1,4-Glc) (methyllactose) is 224 muM.",PubMed,33225133
"Here we report two near-atomic resolution cryo-EM structures of PAC1R activated by PACAP38 or maxadilan, providing structural insights into two distinct ligand binding modes.",PubMed,32047270
"Here we investigate the binding affinities of oxytocin (OT) and vasopressin (AVP) at the oxytocin receptor (OTR) and the vasopressin V1a receptor (V1aR), both of which are present in numerous in brain regions associated with social behavior.",PubMed,38480666
"Herein, we present a structural model for a channel pore and a d-fructose-binding site in BmGr9.",PubMed,36209821
"The aim of this study was to characterise interactions between the TRP cation channel subfamily melastatin member 4 (TRPM4) and endogenous intracellular modulators:calcium-binding proteins (calmodulin (CaM) and S100A1) and phosphatidylinositol 4, 5-bisphosphate (PIP2).",PubMed,32560560
"The chemokine CXCL8 (also known as interleukin-8, abbreviated IL-8) and its G-protein-coupled receptors CXCR1 and CXCR2 are crucial elements in this process, and also the development of many cancers.",PubMed,37433790
Here we describe an example of applying single-molecule dynamic force spectroscopy to study the binding of epidermal growth factor (EGF) to its receptor EGFR,PubMed,30374866
"The palm region in BMP-9 interacts with the type I receptor (ALK1, grey), the knuckle epitope interacts with the type II receptor (ActRIIB, orange).",PubMed,33087301
"In contrast to BMPs and activins, TGF-β 1-3 have a specific type II receptor, TGFBRII.",PubMed,33087301
"Inhibin A, like activin A, binds ActRIIA and ActRIIB.",PubMed,33087301
"BMP-3 is also considered to be an antagonistic ligand, as it has no known type I receptor but can compete with activin and BMP-4 for binding to ActRIIB",PubMed,33087301
"Lefty1 and lefty2 are unusual ligands in that they share a uniquely extended C-terminal sequence, and do not form covalent dimers as they lack the cysteine residue required for dimerization. Nevertheless, they competed with nodal for binding to ActRIIA and ActRIIB and inhibited Nodal signaling",PubMed,33087301
"Two examples are GDF-11 and GDF-8 (myostatin), which activate SMAD2/3 via the type I receptors ALK4, ALK5, or ALK7",PubMed,33087301
"For example, activin A activates the SMAD2/3 branch via the type I receptor ALK4. However, activin A may also form an inhibitory NSC with ALK2, as it inhibited BMP-6 and BMP-7 signaling in cells where ALK2 is the main type I receptor",PubMed,33087301
Tumor necrosis factor (TNF) receptor associated factor-2 (TRAF2) has been originally identified as a protein interacting with TNF receptor 2 (TNFR2) but also binds to several other receptors of the TNF receptor superfamily (TNFRSF).,PubMed,36011046
"While activated TNFR2 directly binds TRAF2 and TRAF1, cIAP1 and cIAP2 are indirectly recruited to TNFR2 by help of TRAF2.",PubMed,36011046
In RNA virus-infected cells cytosolic double-stranded (ds) RNA is recognized by RIG1 and/or the RIG1-like receptor (RLR) melanoma differentiation-associated 5 (MDA5),PubMed,36011046
"The RLR filaments in turn bind to mitochondria antiviral signaling protein (MAVS; also named VISA, IPS-1, or Cardif) and nucleate the formation MAVS filaments",PubMed,36011046
TRAF2 and TRAF5 on the one side and TRAF3 and TRAF6 on the other side bind to different binding motifs in MAVS,PubMed,36011046
"In contrast to receptors of the TNFRSF, RIG1 and MDA5 not only stimulate the activation of NFκB transcription factors by help of the TRAF proteins but also engage IRF3 and IRF7.",PubMed,36011046
"It is worth mentioning that the RLR LGP2 associates with the C-terminus of TRAF2, TRAF3, TRAF5, and TRAF6 and acts as a pan-inhibitor of stimuli using these TRAF proteins for activation of the classical NFκB pathway",PubMed,36011046
Many of the triggers of apoptotic JNK signaling engage the JNK pathway by TRAF2-dependent activation of the MAP3K apoptosis signal-regulating kinase 1 (ASK1). The latter is kept inactive in cells by binding to thioredoxin (Trx).,PubMed,36011046
"ROS formation, e.g., in response to TNF, results in dissociation of the ASK1-Trx complex giving TRAF2 access to ASK1.",PubMed,36011046
"Worth mentioning, TRAF2 has also been found to bind and stimulate the mammalian ste20-like kinase 1 (MST1)",PubMed,36011046
"Bcl-2 and Bcl-xL attenuate autophagy by binding and inhibition of Beclin-1, thereby hindering the latter to stimulate the ULK1 complex, which promotes autophagosome initiating vesicle nucleation. ",PubMed,36011046
"Similarly, the anti-inflammatory triterpene celastrol binds to Nur77, resulting in enhanced TRAF2-Nur77 interaction and eventually mitophagy",PubMed,36011046
"More important, TRAF2 binds and stabilizes the β-catenin-TNIK-TCF4 complex thereby crucially contributing to TCF4 activation",PubMed,36011046
Jia et al. reported recently that TRAF2 binds LRPPRC to ubiquitinate argininosuccinate synthase 1 marking this enzyme for degradation resulting in reduced arginine synthesis,PubMed,36011046
"Binding of TNFα to the 75 kDa TNFR-2 is not sufﬁcient to attain cytotoxicity (Thoma et al., 1990),but rather binding to the 55 kDa TNFR-1 is sufﬁcient to attain TNFα mediated cell killing (Van Ostade et al.,1993).",Microscopy Research and Technique Journal,10.1002/1097-0029(20000801)
"Decoy receptors (DcR1, DcR2, and DcR3) sequester Trail (DcR1 and DCR2) and Fas (DcR3) ligands, thereby preventing apoptosis (Ashkenazi and Dixit,1999).",Microscopy Research and Technique Journal,10.1002/1097-0029(20000801)
"The differences were par-ticularly marked for CD40L, which binds to CD40 and does not bind to TNFR-1 or TNFR-2.",Microscopy Research and Technique Journal,10.1002/1097-0029(20000801)
Model complexes of TNFα with receptors TNFR-1 and TNFR-2 suggest that Arg31 of TNFα forms an ionic interaction with a Glu residue in both receptors.,Microscopy Research and Technique Journal,10.1002/1097-0029(20000801)
The complex between TNFβ and the extracellulardomain of TNFR-1 was the ﬁrst view of the receptor,Microscopy Research and Technique Journal,10.1002/1097-0029(20000801)
Most recently the structure of extracellular fragment of DR5 (residues 58 –184 or 1–130) complexed with its TRAIL/Ap02L ligand (residues 91–281 or 114 –281) emerged from two different groups,Microscopy Research and Technique Journal,10.1002/1097-0029(20000801)
RAF2 (TNFR associated factor 2) binds to the cytoplasmic domain of TNF receptors such as TNFR-1 and CD40 and medi-ates signal transduction,Microscopy Research and Technique Journal,10.1002/1097-0029(20000801)
"RANK is the sole sig-nalling receptor for the ligand RANKL (also known asTRANCE/ODF) and its activation is important for dif-ferentiation and activation of osteoclasts, which arenecessary for bone resorption and remodelling",Microscopy Research and Technique Journal,10.1002/1097-0029(20000801)
"Predicted tertiary and quaternary structures of a chimeric TNF inhibitor molecule generated by linking the extracellular domainof TNFR-1 to domains CH2, CH3, and CH4 of an IgG Heavy Chain.",Microscopy Research and Technique Journal,10.1002/1097-0029(20000801)
"The enzyme hexokinase binds glucose and ATP so as to catalyze a reaction between them, actin molecules bind to each other to assemble into actin filaments",Molecular Biology of the Cell Textbook,ISBN 9780393884821
"When both α subunits bind acetylcholine, the channel undergoes a conformational change that opens the gate by an outward rotation.",Molecular Biology of the Cell Textbook,ISBN 9780393884821
"Resident ER membrane proteins, for example, contain signals that bind directly to COPI coats ...Most membrane proteins that function at the interface between the ER and Golgi apparatus, including v- and t-SNAREs and some cargo receptors, use this retrieval pathway",Molecular Biology of the Cell Textbook,ISBN 9780393884822
Soluble ER resident proteins must bind to specialized receptor proteins such as the KDEL receptor,Molecular Biology of the Cell Textbook,ISBN 9780393884823
"the LDL receptor diffuses until an endocytosis signal in its cytoplasmic tail binds the adaptor protein AP2 after AP2’s conformation has been locally unlocked by binding to PI(4,5)P2 on the plasma membrane.",Molecular Biology of the Cell Textbook,ISBN 9780393884824
Cell-surface transferrin receptors deliver transferrin with its bound iron to early endosomes by receptor-mediated endocytosis.,Molecular Biology of the Cell Textbook,ISBN 9780393884825
IRS1 binds to specific phosphorylated tyrosines on the activated receptor and is then phosphorylated at multiple sites,Molecular Biology of the Cell Textbook,ISBN 9780393884826
Nerve growth factor (NGF) to bind to its specific RTK (called TrkA) at the end of a long nerve cell axon and signal to the cell body of the same cell a long distance away.,Molecular Biology of the Cell Textbook,ISBN 9780393884827
"The PI 3-kinase produces PI(3,4,5)P3, which serves as a docking site for two serine/threonine kinases with PH domains—Akt and the phosphoinositide-dependent kinase PDK1—and brings them into proximity at the plasma membrane.",Molecular Biology of the Cell Textbook,ISBN 9780393884828
"Activated TGFβ/activin receptors phosphorylate Smad2 or Smad3, while activated BMP receptors phosphorylate Smad1, Smad5, or Smad8. Once one of these receptor-activated Smads (R-Smads) has been phosphorylated, it binds to Smad4 (called a co-Smad), which can form a complex with any of the five R-Smads",Molecular Biology of the Cell Textbook,ISBN 9780393884829
"Hedgehog signaling begins at a cell-surface receptor called Patched, which employs a convoluted mechanism to activate a group of transcription regulators called Gli proteins",Molecular Biology of the Cell Textbook,ISBN 9780393884830
Activation of the Fas receptor on the surface of a target cell by Fas ligand on the surface of a killer (cytotoxic) lymphocyte,Molecular Biology of the Cell Textbook,ISBN 9780393884831
"the integrin-linked kinase (ILK) and its binding partners pinch and parvin, which together form a trimeric complex that serves as an organizing hub at many junctions.",Molecular Biology of the Cell Textbook,ISBN 9780393884832
"Cell–matrix junctions also employ several actin-binding proteins, such as vinculin, zyxin, VASP, and a-actinin, to promote the assembly and organization of actin filaments. ",Molecular Biology of the Cell Textbook,ISBN 9780393884833
"Notch is a transmembrane receptor protein (and latent transcription regulator) involved in many cell-fate choices in animal development, for example in the specification of nerve cells from ectodermal epithelium. Its ligands are cell-surface proteins such as Delta and Serrate.",Molecular Biology of the Cell Textbook,ISBN 9780393884834
"Many types of migrating cells are guided by chemotaxis that depends on a G-protein-coupled receptor, called CXCR4, which is activated by an extracellular ligand, CXCL12.",Molecular Biology of the Cell Textbook,ISBN 9780393884835
"An important example is HIV, which requires two types of receptors to enter a host cell. Its primary receptor is CD4, a cell-surface protein on helper T cells and macrophages... It also requires a co-receptor, which is either CCR5 (a receptor for β-chemokines) or CXCR4 (a receptor for α-chemokines), depending on the particular variant of the virus.",Molecular Biology of the Cell Textbook,ISBN 9780393884836
"The natural ligand for the chemokine receptors (Sdf1 for CXCR4; RANTES, MIP-1α, or MIP-1β for CCR5) blocks co-receptor function and prevents viral invasion.",Molecular Biology of the Cell Textbook,ISBN 9780393884837
"A human makes at least 10 different TLRs, each recognizing distinct ligands: TLR3, for example, recognizes double-stranded viral RNA in the endosomal lumen; TLR4 recognizes lipopolysaccharide (LPS) on the outer membrane of Gram-negative bacteria; TLR5 recognizes the protein that forms the bacterial flagellum; TLR7 and TLR8 recognize single- stranded viral RNA; and TLR9 recognizes short, unmethylated sequences of bacterial, viral, or protozoan DNA, called CpG motifs, which are uncommon in vertebrate DNA.",Molecular Biology of the Cell Textbook,ISBN 9780393884838
"For a naïve T cell, an activated dendritic cell provides the co-stimulatory signals; these include the transmembrane B7 proteins, which are recognized by the co-receptor protein CD28 on the surface of the T cell. ",Molecular Biology of the Cell Textbook,ISBN 9780393884839
"For a B cell, an effector TFH cell provides the co-stimulatory signals; these include the transmembrane CD40 ligand, which binds to CD40 receptors on the B cell ",Molecular Biology of the Cell Textbook,ISBN 9780393884840
"PD1 is expressed on activated T cells, and its prolonged binding to its cell-surface ligand (PDL1 or PDL2) on various cell types, including cancer cells, inhibits the activity of the T cells.",Molecular Biology of the Cell Textbook,ISBN 9780393884841
"The structure of the β2-adrenergic receptor, a receptor for the neurotransmitter epinephrine, illustrates the typical cylindrical arrangement of the seven transmembrane helices in a GPCR.",Molecular Biology of the Cell Textbook,ISBN 9780393884842
"When ephrin binding acti- vates the Eph receptor, the receptor activates a cytoplasmic tyrosine kinase that phosphorylates ephexin on a tyrosine, enhancing the ability of ephexin to activate the Rho protein RhoA.",Molecular Biology of the Cell Textbook,ISBN 9780393884843
the bacterial activator protein CAP has to bind cyclic AMP (cAMP) before it can bind to DNA,Molecular Biology of the Cell Textbook,ISBN 9780393884844
The binding of cAMP to the regulatory subunits of the PKA tetramer induces a conformational change,Molecular Biology of the Cell Textbook,ISBN 9780393884845
"The Rev protein interacts with a nuclear export receptor (Crm1), which directs the movement of viral RNAs through nuclear pores into the cytosol despite the presence of intron sequences.",Molecular Biology of the Cell Textbook,ISBN 9780393884846
the ganglioside GM1 acts as a cell-surface receptor for the bacterial toxin that causes the debilitating diarrhea of cholera. Cholera toxin binds to and enters only those cells that have GM1 on their surface,Molecular Biology of the Cell Textbook,ISBN 9780393884847
"strychnine, for example, binds to glycine receptors and prevents their inhibitory action",Molecular Biology of the Cell Textbook,ISBN 9780393884848
"When a signal sequence binds, SRP exposes a binding site for an SRP recep­tor, which is a transmembrane protein complex in the rough ER membrane.",Molecular Biology of the Cell Textbook,ISBN 9780393884849
Two proteins at the ER membrane called Get1 and Get2 serve not only as the receptor for Get3,Molecular Biology of the Cell Textbook,ISBN 9780393884850
"Each AP2 complex binds four PI(4,5)P2 molecules",Molecular Biology of the Cell Textbook,ISBN 9780393884851
a specific Sar1 GEF embedded in the ER membrane binds to cytosolic Sar1,Molecular Biology of the Cell Textbook,ISBN 9780393884852
"Transmembrane M6P receptor proteins, which are present in the TGN, recognize the M6P groups and bind to the lysosomal hydrolases on the lumenal side of the membrane and to adaptor proteins in assembling clathrin coats on the cytosolic side.",Molecular Biology of the Cell Textbook,ISBN 9780393884853
"Inositol 1,4,5-trisphosphate (IP3) diffuses through the cytosol and releases Ca2+ from the ER by binding to and opening IP3-gated Ca2+-release channels (IP3 receptors) in the ER membrane",Molecular Biology of the Cell Textbook,ISBN 9780393884854
"Calmodulin functions as a multi- purpose intracellular Ca2+ receptor, governing many Ca2+-regulated processes.",Molecular Biology of the Cell Textbook,ISBN 9780393884855
"In some target cells, including smooth muscle cells, NO binds reversibly to iron in the active site of guanylyl cyclase, stimulating synthesis of cyclic GMP",Molecular Biology of the Cell Textbook,ISBN 9780393884856
"Frizzled contains an extracellular domain that binds with high affinity to Wnt, due in part to a hydrophobic pocket on the receptor domain that interacts with the lipid modification on Wnt; this lipid is therefore required for Wnt signaling. LRP interacts with a different site on Wnt.",Molecular Biology of the Cell Textbook,ISBN 9780393884857
"The laminin molecules that generate the initial sheet structure first join to each other while bound to receptors on the surface of the cells. The cell-surface receptors are primarily members of the integrin family, but another important type of laminin receptor is dystroglycan, a highly glycosylated transmembrane protein.",Molecular Biology of the Cell Textbook,ISBN 9780393884858
α5β1 is a fibronectin receptor and α6β1 is a laminin receptor on many types of cells,Molecular Biology of the Cell Textbook,ISBN 9780393884859
"Toll and Torso are receptor proteins that are distributed all over the membrane but are activated only at the sites indicated by the coloring, through localized exposure to the extracellular ligands Spaetzle (the ligand for Toll) and Trunk (the ligand for Torso).",Molecular Biology of the Cell Textbook,ISBN 9780393884860
"The second transgene, CreERT2 (brown), encodes a chimeric form of the Cre recombinase called CreERT, which consists of the Cre recombinase linked to the estrogen receptor protein; this enzyme becomes active as a recombinase only when it binds the artificial estrogen analog tamoxifen",Molecular Biology of the Cell Textbook,ISBN 9780393884861
"an envelope protein of herpes simplex virus, for example, binds to heparan sulfate proteoglycans on the surface of certain vertebrate host cells, and simian virus 40 (SV40) binds to a glycolipid.",Molecular Biology of the Cell Textbook,ISBN 9780393884862
The IgE tail region binds to another class of Fc receptors on the surface of mast cells in tissues and of basophils in the blood,Molecular Biology of the Cell Textbook,ISBN 9780393884863
"A monoclonal antibody called trastuzumab (trade name Herceptin), which binds to Her2 and inhibits its function, slows the growth of human breast cancers that overexpress Her2 ",Molecular Biology of the Cell Textbook,ISBN 9780393884864
"the lymphocytes stop rolling, and they crawl out of the blood vessel into the lymph node by using yet another cell adhesion protein called CD31",Molecular Biology of the Cell Textbook,ISBN 9780393884865